,address_column_name,ciudad
8838,,JARTONO
8839,,JARUSALEM
8840,,JARUSJE
8841,,JARUSKE
8842,,JASA TOMIC
8843,,JASA TOMIE
8844,,JASA TOMIS
8845,,JASA TOMITACH
8846,,JASA TORVIC
8847,,JASAPONIC
8848,,JASATOVCE
8849,,JASENICA
8850,,JASENICO
8851,,JASENIE
8852,,JASENJE
8853,,JASENOVAC
8854,,JASENOVICA
8855,,JASENSKO
8856,,JASIC
8857,,JASINCI
8858,,JASKA
8859,,JASKONO
8860,,JASKOVO
8861,,JASOVAC
8862,,JASTKO
8863,,JASTREB
8864,,JASTREBARSKO
8865,,JASTREBCI
8866,,JASTROP
8867,,JASTROW
8868,,JATA
8869,,JATFA
8870,,JATOWO
8871,,JAVA TOMIC
8872,,JAVANOVAC
8873,,JAVANOVAZ
8874,,JAVONOVAC
8875,,JAVOR
8876,,JAVORANJ
8877,,JAVORCE
8878,,JAVORITZ
8879,,JAVORJE
8880,,JAVORNIK
8881,,JAVOSANY
8882,,JAWORAN
8883,,JAWORAY
8884,,JAYE
8885,,JAZDIEH
8886,,JAZIN
8887,,JAZING
8888,,JAZWACY
8889,,JBABE
8890,,JBEIDA
8891,,JBEIL
8892,,JBEITA
8893,,JDAIDE
8894,,JDAIDET
8895,,JDEIDE
8896,,JDIOS
8897,,JDITA
8898,,JDRIA
8899,,JDRIJA
8900,,JEAUNJELGARS
8901,,JEB ZENNIN
8902,,JEB. JANNIE
8903,,JEBAH
8904,,JEBAL IL HALAONI
8905,,JEBATESEI
8906,,JEBB. JANNINE
8907,,JEBEIL
8908,,JEBEL
8909,,JEBEL TEKE
8910,,JEBRAIL
8911,,JEDAIDET
8912,,JEDAIDET MARDJEIOUN
8913,,JEDAIDTE
8914,,JEDARFEL
8915,,JEDAY
8916,,JEDEIDET
8917,,JEDEIDET EL CHOUF
8918,,JEDEIDETT
8919,,JEDERKEB
8920,,JEFFA
8921,,JEHEL TEKE'
8922,,JEKATERINOSL.
8923,,JEKOYEL
8924,,JEKULIC
8925,,JELASNICA
8926,,JELENIC
8927,,JELENKA
8928,,JELENSKA
8929,,JELES
8930,,JELGOS
8931,,JELISAVAC
8932,,JELJAS
8933,,JELKA
8934,,JELNA
8935,,JELOVCO
8936,,JELOVEC
8937,,JELSA
8938,,JELSEVEC
8939,,JEMISZWAR
8940,,JEMMATA
8941,,JEMONN
8942,,JEMUM
8943,,JENACHE
8944,,JENEINET
8945,,JENENICE
8946,,JENESICE
8947,,JENESICO
8948,,JENINE
8949,,JENISE
8950,,JENNERSDORF
8951,,JENOINET
8952,,JENTA
8953,,JENTE
8954,,JERCASLEM
8955,,JERISALEM
8956,,JERKOVAR
8957,,JERMANOTZI
8958,,JERMECOVAC
8959,,JERMENOVCE
8960,,JERNEY
8961,,JERNJENOVATZ
8962,,JERNOTYWICA
8963,,JERONDA
8964,,JEROSOLIMA
8965,,JEROZDL
8966,,JERUS.
8967,,JERUSAL.
8968,,JERUSALEBN
8969,,JERUSALEM
8970,,JERUSALEME
8971,,JERUSALEMME
8972,,JERUSALEN
8973,,JERUSELUM
8974,,JERYERENI
8975,,JESAIL
8976,,JESENI
8977,,JESENICE
8978,,JESENICZ
8979,,JESENITZA
8980,,JESENOVICA
8981,,JESER
8982,,JESERSKI
8983,,JESEVICE
8984,,JESICA
8985,,JESONCA
8986,,JESONICE
8987,,JETRIA
8988,,JEUK
8989,,JEVENDIS
8990,,JEVILIA
8991,,JEVORANJ
8992,,JEZA
8993,,JEZANI
8994,,JEZENJ
8995,,JEZER
8996,,JEZERANE
8997,,JEZEREMI
8998,,JEZEREN
8999,,JEZERENT
9000,,JEZERINE
9001,,JEZERNICE
9002,,JEZERO
9003,,JEZERSKO
9004,,JEZG
9005,,JEZICA
9006,,JEZICA LJUBLJANA
9007,,JEZIERNA
9008,,JEZIERNO
9009,,JGERTA
9010,,JGNASE
9011,,JGRANZ
9012,,JHAN
9013,,JHIFAT
9014,,JIBOLEI
9015,,JIBRAIL
9016,,JIDEIDI
9017,,JIDEITE
9018,,JIGUPLJE
9019,,JIL
9020,,JILCER
9021,,JIMI
9022,,JIOLE
9023,,JIPOOLJANI
9024,,JISH
9025,,JIVIRA
9026,,JIZEEN
9027,,JKOPIA
9028,,JKUTINA
9029,,JLHER
9030,,JLJUBLLANI
9031,,JLOJAN
9032,,JLOWA GORA
9033,,JM CHARCHOUH
9034,,JMTSKI
9035,,JNDAJED
9036,,JNDJIJN
9037,,JNEINE
9038,,JNEINEK RISLAW
9039,,JNEITET
9040,,JNISBOSKI
9041,,JOACHIM
9042,,JOAGHADI
9043,,JOAJJIR
9044,,JOAMAS
9045,,JOAU ZEM
9046,,JOBA
9047,,JOBAHEL
9048,,JOBEH
9049,,JOBET
9050,,JOBLANAC
9051,,JOEIL
9052,,JOHANNESFELD
9053,,JOK
9054,,JOKAYA
9055,,JOKUBAICIRI
9056,,JOLCHEUZ
9057,,JOLJOS
9058,,JOLSA
9059,,JOMATZA
9060,,JOMBURG
9061,,JON(ILEG)
9062,,JONAJA
9063,,JONAVA
9064,,JONAYA
9065,,JONISKU
9066,,JONJOSKO
9067,,JOOD
9068,,JOPIC
9069,,JORBET
9070,,JORDA
9071,,JORDANIA
9072,,JORDANKAL
9073,,JORGAT
9074,,JORJANI
9075,,JORNALERO
9076,,JOSA TOMIC
9077,,JOSA TOMIE
9078,,JOSANE
9079,,JOSATOMIA
9080,,JOSCOVIC
9081,,JOSEAK
9082,,JOSEFALVA
9083,,JOSEFFALBA
9084,,JOSEFFALVA
9085,,JOSEK
9086,,JOSEMIC
9087,,JOSENOV
9088,,JOSEVICA
9089,,JOSIFOVO
9090,,JOSIPOOL
9091,,JOSIPOVA
9092,,JOSIPOVAC
9093,,JOSIPVAL
9094,,JOSKA
9095,,JOSTAC
9096,,JOUAFA
9097,,JOUANIAT
9098,,JOUAR AFAS
9099,,JOUAR AFEAS
9100,,JOUAR HANZ
9101,,JOUAR-AFESA
9102,,JOUARA
9103,,JOUBBAT ZAIT
9104,,JOUDEIDET
9105,,JOUEKHAT
9106,,JOUGYAK
9107,,JOUI KAT
9108,,JOUIYL
9109,,JOUK MIKAIL
9110,,JOUNIE
9111,,JOURED BALLOUD
9112,,JOURET BEDRAN
9113,,JOURINE
9114,,JOUYA
9115,,JOUZGAB
9116,,JOVAN
9117,,JOVANOVAC
9118,,JOVANOVACZ
9119,,JOVANOVCE
9120,,JOVAR
9121,,JOVONICKE
9122,,JOWANAVAC
9123,,JOWANOWAC
9124,,JOWANWAC
9125,,JOYGAD
9126,,JOZANI
9127,,JOZGAT
9128,,JOZGOD
9129,,JRAIME
9130,,JRAM
9131,,JRAN-ZELEMNA
9132,,JRANE
9133,,JREMABE
9134,,JRSAC
9135,,JSAC
9136,,JSMID
9137,,JSTANBUL
9138,,JUAIA
9139,,JUAMOZE
9140,,JUANPOKA
9141,,JUB EDITH
9142,,JUBARKAE
9143,,JUBINK
9144,,JUBLIJANA
9145,,JUCEPI
9146,,JUCINE
9147,,JUDAVAC
9148,,JUDENDORF
9149,,JUDIA
9150,,JUDIET RESLORM
9151,,JUDIJA
9152,,JUDINA
9153,,JUDINBURG
9154,,JUDITA
9155,,JUDJIJA
9156,,JUDJOS
9157,,JUDVIG
9158,,JUEI
9159,,JUEYA
9160,,JUFFA
9161,,JUGARICI
9162,,JUGOESLAVA ISIJEK
9163,,JUGOESLAVIA
9164,,JUGOESLAVIJA
9165,,JUGOSLAV.
9166,,JUGOSLAVIA
9167,,JUGOVICI
9168,,JUKINAC
9169,,JUKINAK
9170,,JUKMANIC
9171,,JUKONAC
9172,,JUKOR
9173,,JULAVES
9174,,JULCHMY
9175,,JULFA
9176,,JULFA ISPAHAN
9177,,JULIANA
9178,,JULIS
9179,,JUMI
9180,,JUNDAL
9181,,JUNJRNA
9182,,JUNKLESTER
9183,,JUOSET
9184,,JUPETOR
9185,,JUR(INC.)
9186,,JURAJ
9187,,JURBEVSKO
9188,,JURECIN
9189,,JURFA
9190,,JURIC(INC.)
9191,,JURIJ
9192,,JURIOWIC
9193,,JURJEVAC
9194,,JURJEVAK
9195,,JURJEVICE
9196,,JURKAVAS
9197,,JURKELINEC
9198,,JURKETINAS
9199,,JURKJOVOCELO
9200,,JURKLOSTER
9201,,JURKOVAC
9202,,JURLA
9203,,JURO
9204,,JUROVA
9205,,JURURAY
9206,,JURVY
9207,,JUSATESNIC
9208,,JUSICI
9209,,JUSICIN
9210,,JUSZKIENICIE
9211,,JUZLA
9212,,JVANEC
9213,,JVANOVIC
9214,,JVICA
9215,,K FORN ARABI
9216,,K. KANAFAR
9217,,K. STAFIHE
9218,,K. STAFILIC
9219,,K. STARI
9220,,K. STAVI
9221,,K. TALLECHE
9222,,K...LA
9223,,K.STAFILIC
9224,,KAA EL RIM
9225,,KAABRA
9226,,KAAKLEM
9227,,KAAKOUR
9228,,KAB. ELIAS
9229,,KABAH
9230,,KABALI
9231,,KABAYAT
9232,,KABBEICH
9233,,KABILLAS
9234,,KABON
9235,,KABROUN
9236,,KABUJEWE
9237,,KAC
9238,,KAC.
9239,,KACATGNE
9240,,KACAZEVO
9241,,KACCANI
9242,,KACHAYA
9243,,KACHFE
9244,,KACVIC
9245,,KADETH
9246,,KADI KOY
9247,,KADIKAJ
9248,,KADIKEY
9249,,KADIKOY
9250,,KADLHENY
9251,,KADMUN
9252,,KADOR
9253,,KADROUM ZREIK
9254,,KAEFA
9255,,KAERNTEN
9256,,KAFAC
9257,,KAFAR
9258,,KAFAR JOUAYA
9259,,KAFAR KATRA
9260,,KAFAR SOIULOUEN
9261,,KAFAR SOULOUEN
9262,,KAFARAKA
9263,,KAFARATA
9264,,KAFARBELEM
9265,,KAFARBHOM
9266,,KAFARBHOUSE
9267,,KAFARBIAN
9268,,KAFARBOHM
9269,,KAFAREHOM
9270,,KAFARFILA
9271,,KAFARFILA MTE. LIBANO
9272,,KAFARLAHA
9273,,KAFARRACCA
9274,,KAFARSAROUM
9275,,KAFARSELOUAN
9276,,KAFARSELOUN
9277,,KAFARSELUAN
9278,,KAFARUKUM
9279,,KAFARYACHITE
9280,,KAFER
9281,,KAFERIM
9282,,KAFERKAHEL
9283,,KAFERKOHEL
9284,,KAFERLAHA
9285,,KAFERZENA
9286,,KAFIRHAZIR
9287,,KAFIRNAZIR
9288,,KAFMALET
9289,,KAFR
9290,,KAFRA
9291,,KAFRAKA
9292,,KAFRAUM BADA
9293,,KAFRAUN
9294,,KAFRAYA
9295,,KAFRE
9296,,KAFREIN
9297,,KAFREUM
9298,,KAFROCAN
9299,,KAFROUM
9300,,KAFROUN
9301,,KAFROUN ZREIK
9302,,KAFROUN-BACHOUR
9303,,KAFROUNE
9304,,KAFRUEM
9305,,KAFTAUN
9306,,KAFTOU
9307,,KAHALE
9308,,KAHARPOUT
9309,,KAHLOVAC
9310,,KAHMAN KATI
9311,,KAIDINIAI
9312,,KAIFA
9313,,KAILEVTZ
9314,,KAILOC
9315,,KAILOZI
9316,,KAINA
9317,,KAIROM
9318,,KAIROUM
9319,,KAIRUM
9320,,KAISARI
9321,,KAISEIVI
9322,,KAISER
9323,,KAISERI
9324,,KAISERJE
9325,,KAISERSLAUTERN
9326,,KAISES
9327,,KAISORI
9328,,KAISRY
9329,,KAISSARIA
9330,,KAISSERICH
9331,,KAJARBHUM
9332,,KAJGANA
9333,,KAJGAR
9334,,KAJINE
9335,,KAJSERI
9336,,KAJTASOVO
9337,,KAKANJ
9338,,KAKFE
9339,,KAKORICA
9340,,KAKUJEVEI
9341,,KAL
9342,,KAL N.KANALON
9343,,KAL PRI KANALU
9344,,KAL.
9345,,KALAABRIRA
9346,,KALAAT
9347,,KALADURTOVIC
9348,,KALAGJURGJEV
9349,,KALAH
9350,,KALAMATA
9351,,KALAMUN
9352,,KALARNATA
9353,,KALAT ELKURA
9354,,KALCE
9355,,KALE
9356,,KALEDNEC
9357,,KALEH SONEIRI
9358,,KALEIT NEMRA
9359,,KALEOVAK
9360,,KALET
9361,,KALET JANDAL
9362,,KALEWIEZ
9363,,KALEYRA
9364,,KALF EL HABACHE
9365,,KALHAT
9366,,KALI
9367,,KALIF
9368,,KALINOVAC
9369,,KALINOVEC
9370,,KALIPOLI
9371,,KALIPOLIS
9372,,KALIS
9373,,KALJE
9374,,KALLAT
9375,,KALLE
9376,,KALLOUZE
9377,,KALM
9378,,KALMAT
9379,,KALMONY
9380,,KALMOUN
9381,,KALOVAC
9382,,KALPRIK(INC)
9383,,KALRLOVAC
9384,,KALT
9385,,KALUDJEROVAC
9386,,KALUDJEROVO
9387,,KALUM
9388,,KALUNI
9389,,KALWARJA
9390,,KAMA
9391,,KAMANJO
9392,,KAMAR
9393,,KAMARE
9394,,KAMBRESKO
9395,,KAMCARAE
9396,,KAMED
9397,,KAMED EL HAWZ
9398,,KAMED LAOWZ
9399,,KAMEN MOSTA
9400,,KAMENCE
9401,,KAMENIC
9402,,KAMENICA
9403,,KAMENICE
9404,,KAMENJAK
9405,,KAMENJEK
9406,,KAMENSKO
9407,,KAMERUCE
9408,,KAMHE
9409,,KAMIC
9410,,KAMIL
9411,,KAMILA
9412,,KAMINICZ
9413,,KAMINK
9414,,KAMIRO
9415,,KAMMA GORICA
9416,,KAMMA GORIZA
9417,,KAMMIL
9418,,KAMNA GORICA
9419,,KAMNA GORISA
9420,,KAMNAGORIZA  LJUBIJANA
9421,,KAMNATZ
9422,,KAMNIC
9423,,KAMNICK
9424,,KAMNIK
9425,,KAMOROVICI
9426,,KAMOVCI
9427,,KAMPOLJE
9428,,KAMSFE
9429,,KAMSIE
9430,,KAMSIK
9431,,KAMSO
9432,,KAMUR
9433,,KANA
9434,,KANA SOUR
9435,,KANAGIER
9436,,KANAISE
9437,,KANAIT
9438,,KANAK
9439,,KANAL
9440,,KANAL OB SOCI
9441,,KANAT
9442,,KANCANICE
9443,,KANCZUGA
9444,,KANDIJIA
9445,,KANDIKOF
9446,,KANEA
9447,,KANEK
9448,,KANIGER
9449,,KANISA
9450,,KANISCHA
9451,,KANISDORF
9452,,KANISZA
9453,,KANIZA
9454,,KANJISA
9455,,KANJIZA
9456,,KANJRA
9457,,KANJRE
9458,,KANLCOACI
9459,,KANNA
9460,,KANNAS
9461,,KANNIK
9462,,KANPA
9463,,KANSAS
9464,,KANTAIFE
9465,,KANYA
9466,,KANZIJA
9467,,KAOCANI
9468,,KAOCINE
9469,,KAOLADICK
9470,,KAONET
9471,,KAOUKABA
9472,,KAPAN
9473,,KAPCE
9474,,KAPEIA
9475,,KAPELA
9476,,KAPELEC
9477,,KAPELNA
9478,,KAPELSKAC
9479,,KAPERKAHEL
9480,,KAPERSENA
9481,,KAPETANOVO
9482,,KAPILDO
9483,,KAPINJE
9484,,KAPITAN
9485,,KAPLJUB
9486,,KAPOLEC
9487,,KAPOS
9488,,KAPOUTH
9489,,KAPRIC
9490,,KAPRIJE
9491,,KAPRIJKA
9492,,KAPRINA
9493,,KAPRON
9494,,KAPRYE
9495,,KARA
9496,,KARA HISAR
9497,,KARA HISSAR
9498,,KARAA
9499,,KARABACH
9500,,KARABECH
9501,,KARABECHE
9502,,KARABET
9503,,KARABOURAN
9504,,KARACAB
9505,,KARACECH
9506,,KARACUN
9507,,KARADONAC
9508,,KARADOURAN
9509,,KARAGOL
9510,,KARAHISAR
9511,,KARAHISSAR
9512,,KARAIGAN
9513,,KARAKACICA
9514,,KARAKASICA
9515,,KARAKIOV
9516,,KARAKOCISE
9517,,KARAKOL
9518,,KARAKOVICA
9519,,KARALIC
9520,,KARALIO
9521,,KARAM
9522,,KARAMAA
9523,,KARAMAN
9524,,KARAMLA
9525,,KARAN
9526,,KARANAA
9527,,KARANDE
9528,,KARANTA
9529,,KARAOUN
9530,,KARARAS
9531,,KARASA
9532,,KARASARE
9533,,KARASI
9534,,KARASKIOV
9535,,KARAULA
9536,,KARAUSA
9537,,KARAVUKOVO
9538,,KARBON
9539,,KARBONAR
9540,,KARBORAR
9541,,KARBOVAC
9542,,KARBOVAS
9543,,KARCHUBA
9544,,KARCULA
9545,,KARDANG
9546,,KARELIC
9547,,KAREMBAIRAS
9548,,KAREOVAK
9549,,KAREVO
9550,,KARIAKASIRA
9551,,KARINOM
9552,,KARIS
9553,,KARJ
9554,,KARKIO
9555,,KARKOVA
9556,,KARKOVAC
9557,,KARLAVAC
9558,,KARLIVAC
9559,,KARLOCAC
9560,,KARLOKAC
9561,,KARLONES
9562,,KARLORAK
9563,,KARLOV
9564,,KARLOVA
9565,,KARLOVAC
9566,,KARLOVAC JUGOSLAVIA
9567,,KARLOVAC-CROACIA
9568,,KARLOVACA
9569,,KARLOVACX
9570,,KARLOVACZ
9571,,KARLOVACZ BANAT
9572,,KARLOVAK
9573,,KARLOVAO
9574,,KARLOVAR
9575,,KARLOVAS
9576,,KARLOVATZ
9577,,KARLOVAZ
9578,,KARLOVCS
9579,,KARLOVEC
9580,,KARLOVEN
9581,,KARLOVIC
9582,,KARLOVOC
9583,,KARLOVOU
9584,,KARLOW
9585,,KARLOWA
9586,,KARLOWAC
9587,,KARLOWTZ
9588,,KARLOWZ
9589,,KARLSDORF
9590,,KARLSDORF-BANAT
9591,,KARLVAC
9592,,KARM MOCHAIZEL
9593,,KARMA CORICA
9594,,KARMAI
9595,,KARMEL
9596,,KARMEN
9597,,KARNAIL
9598,,KARNED
9599,,KARNICE
9600,,KARNJE SELO
9601,,KARO
9602,,KARO HISAR
9603,,KAROLOGETO
9604,,KAROLOVAC
9605,,KAROLVAC
9606,,KARON
9607,,KARONE
9608,,KARONN
9609,,KAROSIS
9610,,KAROU
9611,,KAROUM
9612,,KAROUN
9613,,KAROUNIE
9614,,KAROUR
9615,,KAROVAR
9616,,KARPA
9617,,KARPBA
9618,,KARPHUET
9619,,KARPINIS
9620,,KARPOUT
9621,,KARPOUTH
9622,,KARPROUT
9623,,KARPUT
9624,,KARRAOUN
9625,,KARROUN
9626,,KARS
9627,,KARS BAZAR
9628,,KARSLBAD
9629,,KARSSEY
9630,,KARTABA
9631,,KARTABD
9632,,KARTANA
9633,,KARTARA
9634,,KARTELJEVO
9635,,KARTOSA
9636,,KARTOW
9637,,KARUGAN
9638,,KARVENKA
9639,,KARVOLIAI
9640,,KARYATIM
9641,,KAS BAALBEE
9642,,KASA
9643,,KASABA
9644,,KASALINCE
9645,,KASCINE
9646,,KASINA
9647,,KASINE
9648,,KASINJ
9649,,KASLOVAZ
9650,,KASMA
9651,,KASOUN
9652,,KASSA
9653,,KASSAB
9654,,KASSABA
9655,,KASSAL
9656,,KASSIAN
9657,,KASSO
9658,,KAST
9659,,KASTA BABIN
9660,,KASTABA
9661,,KASTAL
9662,,KASTAN
9663,,KASTANJE
9664,,KASTAV
9665,,KASTEL
9666,,KASTEL NOVI
9667,,KASTELJ
9668,,KASTELSTARI
9669,,KASTEMUSI
9670,,KASTOLSTRI
9671,,KASTOWA
9672,,KASTROPO
9673,,KASTROUM
9674,,KASTUA
9675,,KASUNI
9676,,KATA JASNIC
9677,,KATALIA
9678,,KATANIA
9679,,KATAR
9680,,KATARIBA
9681,,KATARINA
9682,,KATAVIC
9683,,KATHAREINFELD
9684,,KATHARINA
9685,,KATHREIN
9686,,KATHREINFELD
9687,,KATHRINFELD
9688,,KATINA
9689,,KATINCI
9690,,KATINE
9691,,KATINEI
9692,,KATLEB
9693,,KATO
9694,,KATOLICKE SCHISTE
9695,,KATOLSELISTE
9696,,KATOLY
9697,,KATONA
9698,,KATONI
9699,,KATORIBA
9700,,KATORIHA
9701,,KATOSIRA
9702,,KATRINA
9703,,KATTANA
9704,,KATUME
9705,,KATUN
9706,,KATUNI
9707,,KATUNI KLASEVO
9708,,KATUNJ
9709,,KATY
9710,,KATZEN
9711,,KAUKON
9712,,KAULAYAT
9713,,KAUMIK
9714,,KAUNANA
9715,,KAUNAS
9716,,KAURA
9717,,KAUWA
9718,,KAVA
9719,,KAVAC
9720,,KAVALA
9721,,KAVCINA
9722,,KAVJIZA
9723,,KAX
9724,,KAYERI
9725,,KAYFOUN
9726,,KAYHE
9727,,KAYKSKOBRD.
9728,,KAYSARI
9729,,KAYSARIA
9730,,KAYSERI
9731,,KAYSRI
9732,,KAZAR
9733,,KAZIC
9734,,KAZINCI
9735,,KBARFOU
9736,,KBIAT
9737,,KDORZOAD
9738,,KE
9739,,KEBECH
9740,,KEBIB HANE
9741,,KEBIJ
9742,,KEBLOVIC
9743,,KEBORICE
9744,,KECINSI
9745,,KEEHJE
9746,,KEFAJA
9747,,KEFAR-TALLE
9748,,KEFAYA
9749,,KEFENANNA
9750,,KEFER
9751,,KEFER CUAIA
9752,,KEFER JOUAYA
9753,,KEFER-CHAGER
9754,,KEFER-KEMRA
9755,,KEFERAHEL
9756,,KEFERBELEM
9757,,KEFERHELDA
9758,,KEFERIM
9759,,KEFERWATA
9760,,KEFFRAN
9761,,KEFOUR
9762,,KEFR SNIF
9763,,KEFR SUIF
9764,,KEFR-SUIF
9765,,KEFRABHUM
9766,,KEFRAM
9767,,KEFRAME
9768,,KEFRAN
9769,,KEFRAYA
9770,,KEFRSUIF
9771,,KEFVIVA
9772,,KEILA
9773,,KEIME
9774,,KEINAB
9775,,KEIR AHAMAR
9776,,KEIROUN
9777,,KEIS
9778,,KEISARA
9779,,KEISERJE
9780,,KEIV
9781,,KEIW
9782,,KEJICI
9783,,KELEBET
9784,,KELEIT NEMRA
9785,,KELEMEN
9786,,KELEMENS
9787,,KELESINKA
9788,,KELHAT
9789,,KELHO
9790,,KELKANY
9791,,KELLEH CARTORES
9792,,KELLES
9793,,KELLIS
9794,,KELSENI
9795,,KEMACH
9796,,KEMACK
9797,,KEMAISSI CHOUF
9798,,KEMAR
9799,,KEMEDJ
9800,,KEMER BOURGU
9801,,KEMET
9802,,KENA
9803,,KENDIJE
9804,,KENIA
9805,,KENIET
9806,,KENITZA
9807,,KENMIK
9808,,KENNIC
9809,,KENSEPPA
9810,,KENSTANTINEP.
9811,,KENTES
9812,,KEP(INC.)
9813,,KEPER
9814,,KEPRAYA
9815,,KEPRISNIKA
9816,,KERARIA
9817,,KERASUS
9818,,KERBE
9819,,KERBET
9820,,KERBETASOUM
9821,,KERBETAZOU
9822,,KERCHCCHIR
9823,,KERCULA
9824,,KEREK
9825,,KERENY
9826,,KERESTUR
9827,,KERET
9828,,KERKAFFI
9829,,KERKAFTE
9830,,KERKAJTE
9831,,KERLIC
9832,,KERLOVAC
9833,,KERMAN
9834,,KERMAX
9835,,KERNAVEL
9836,,KERNER
9837,,KERNET
9838,,KERNET CHELVANT
9839,,KERNET EL HOMRA
9840,,KERNON
9841,,KERON
9842,,KERSANA
9843,,KERSANAL
9844,,KERSANNA
9845,,KERSEN
9846,,KERSLBACH
9847,,KERTINA
9848,,KESALIA
9849,,KESARECK
9850,,KESARIA
9851,,KESAVIA
9852,,KESERI
9853,,KESEROV- POTOK
9854,,KESERUEN
9855,,KESESE
9856,,KESINCI
9857,,KESINEI
9858,,KESINOI
9859,,KESKIN
9860,,KESLARINA
9861,,KESNICA
9862,,KESROUN
9863,,KESRUAN
9864,,KESSAB
9865,,KESSABE
9866,,KESSAH
9867,,KESSAIA
9868,,KESSALE
9869,,KESSAN
9870,,KESSARIA
9871,,KESSAYE
9872,,KESSBOVCE
9873,,KESSEB
9874,,KESSRAVAN
9875,,KESTENOVAC
9876,,KESVERAN
9877,,KETALE
9878,,KETER
9879,,KETFALA
9880,,KETOR
9881,,KEUSAVO
9882,,KEVAMADONI
9883,,KEVCE
9884,,KEVERLEI
9885,,KEVIN
9886,,KEVNE
9887,,KEYOUTH
9888,,KEZEB AGHAJ
9889,,KF ILEGIBLE
9890,,KFAR
9891,,KFAR  ZALAB
9892,,KFAR BEROM
9893,,KFAR BETRARA
9894,,KFAR DALLECH
9895,,KFAR FAKOUD
9896,,KFAR HABOU
9897,,KFAR HAMAN
9898,,KFAR KELLA
9899,,KFAR NABRAKH
9900,,KFAR ROMAN
9901,,KFARBUM
9902,,KFARCHEMBA
9903,,KFARCHOUBA
9904,,KFARDONDA
9905,,KFARFAKOUD
9906,,KFARFALOUS
9907,,KFARFO
9908,,KFARGO
9909,,KFARHANNE
9910,,KFARHAUNE
9911,,KFARHONNA
9912,,KFARHORENA
9913,,KFARHOUNA
9914,,KFARHOUNE
9915,,KFARHOUNNA
9916,,KFARKELLA
9917,,KFARKOUK
9918,,KFARKOUX
9919,,KFARMATTA
9920,,KFARMECHKI
9921,,KFARMI
9922,,KFARNABRAKH
9923,,KFARNABRAKL
9924,,KFARNABRALIK
9925,,KFARNICE
9926,,KFARRACA
9927,,KFARSELOUAN
9928,,KFARUABRAKH
9929,,KFARWA
9930,,KFARZABAD
9931,,KFARZABAT
9932,,KFARZAINA
9933,,KFAU SABA
9934,,KFEHATNHA
9935,,KFEIR
9936,,KFEIT
9937,,KFER EL ZEIT
9938,,KFERRAIM
9939,,KFERRAM
9940,,KFERRAN
9941,,KFOM
9942,,KFONR
9943,,KFORNABRAD
9944,,KFORNABRATTI
9945,,KFOUR
9946,,KFOUR ARABI
9947,,KFOUR-ARABI
9948,,KFR SOUF
9949,,KFUR
9950,,KHA RABA
9951,,KHA.
9952,,KHABAL
9953,,KHAFORCH.
9954,,KHAIMAKAR
9955,,KHAISERIE
9956,,KHAKOV
9957,,KHALAOMATE
9958,,KHALAS
9959,,KHALET HOSSEM
9960,,KHANHARA
9961,,KHANPONTH
9962,,KHAOUPUST
9963,,KHAPONT
9964,,KHARAB
9965,,KHARABA
9966,,KHARBET
9967,,KHARIN
9968,,KHARMATTA
9969,,KHARPENT
9970,,KHARPET
9971,,KHARPEURT
9972,,KHARPONT
9973,,KHARPONTH
9974,,KHARPORT
9975,,KHARPOUT
9976,,KHARPOUTH
9977,,KHARROUBI
9978,,KHARYROUTH
9979,,KHASSINE
9980,,KHEBERT
9981,,KHENCHARA
9982,,KHERBE
9983,,KHERBEH
9984,,KHERBET
9985,,KHERBET CHASA
9986,,KHERBIT
9987,,KHEUFOUT
9988,,KHINCHARA
9989,,KHLEIA
9990,,KHMELIARA
9991,,KHNANA
9992,,KHONIA
9993,,KHONICA
9994,,KHORAIBE
9995,,KHORBE
9996,,KHORBET
9997,,KHORBET ROUCHA
9998,,KHORBI
9999,,KHORKOUK
10000,,KHOSZOVA
10001,,KHOY
10002,,KHRAIBE
10003,,KHRAPOUT
10004,,KHRAPUOT
10005,,KHREBE
10006,,KHREIBE
10007,,KHRIBET
10008,,KHUFAT
10009,,KHUIKA
10010,,KIAR HONA
10011,,KIBLIS
10012,,KICERI
10013,,KICERJ
10014,,KICEVO
10015,,KICHCOV
10016,,KICKI OSIK
10017,,KICKI OSIKI
10018,,KICLA
10019,,KICOROSZ
10020,,KIDINKA
10021,,KIDINKE
10022,,KIEF.
10023,,KIEFF
10024,,KIESEW
10025,,KIEUTAHIA
10026,,KIEV
10027,,KIEW
10028,,KIFRAM
10029,,KIFRAN
10030,,KIHABRE
10031,,KIHALAK
10032,,KIHINDA
10033,,KIHLIT
10034,,KIJANI
10035,,KIJEVO
10036,,KIK
10037,,KIKER TALLIT
10038,,KIKERINOVI
10039,,KIKIENDA
10040,,KIKINDA
10041,,KIKINDE
10042,,KIKINDO
10043,,KIKIUDA
10044,,KIKNIDA
10045,,KILIKIA
10046,,KILIS
10047,,KILLES
10048,,KILLI
10049,,KILLIO
10050,,KILLIS
10051,,KILLS
10052,,KILLU
10053,,KILMAUS
10054,,KILOVITZ
10055,,KIMBOLTON
10056,,KIMOSKA
10057,,KIMPOLONG
10058,,KINA
10059,,KINALE ADA
10060,,KINDA
10061,,KININ
10062,,KININDA
10063,,KINTAHIA
10064,,KINTIAJIA
10065,,KIOS
10066,,KIOTAKIA
10067,,KIP
10068,,KIRCHEIR
10069,,KIRE
10070,,KIRIART
10071,,KIRIN
10072,,KIRITAS
10073,,KIRITEINE
10074,,KIRK LISSI
10075,,KIRKINDA
10076,,KIRKLER
10077,,KIRKORECHO
10078,,KIRKV
10079,,KIRLA
10080,,KIROVITICA
10081,,KIRSLIAI
10082,,KIRTCHOVO
10083,,KIRUN
10084,,KIRYATEN
10085,,KIS-XERES
10086,,KISAC
10087,,KISANE
10088,,KISDAGE
10089,,KISERY
10090,,KISEVO
10091,,KISHEGYES
10092,,KISHINEV
10093,,KISHONOV
10094,,KISINAV
10095,,KISINDA
10096,,KISKER
10097,,KISKO
10098,,KISKOER
10099,,KISKUMACHAZA
10100,,KISNARDI
10101,,KISOROSZ
10102,,KISOUANE
10103,,KISPERK
10104,,KISSAB
10105,,KISSAYE
10106,,KISSEBIE
10107,,KISSHEGYES
10108,,KISTATICE
10109,,KISTCHOVO
10110,,KISTOUPE
10111,,KISTUR
10112,,KISVARDA
10113,,KISZENEW
10114,,KITCHEVO
10115,,KITNI VRB
10116,,KIUTAHIA
10117,,KIVINDA
10118,,KIVOGOSCE
10119,,KIZKER
10120,,KJ ILEGIBLE
10121,,KJVAR
10122,,KL. ST. PAUL
10123,,KLABUSISTE
10124,,KLACRICI
10125,,KLADA
10126,,KLADE
10127,,KLADS
10128,,KLAESE
10129,,KLAIAT
10130,,KLAIHA
10131,,KLAIHA.
10132,,KLAIKA
10133,,KLAK JANDAL
10134,,KLANA
10135,,KLANAC
10136,,KLANCO
10137,,KLANEC
10138,,KLANEO
10139,,KLANICE
10140,,KLANICO
10141,,KLANJEC
10142,,KLAR SIR
10143,,KLAR ZABAD
10144,,KLARI
10145,,KLARIA
10146,,KLARICE
10147,,KLARICH
10148,,KLARIJA
10149,,KLARPONT
10150,,KLARUIJA
10151,,KLASNIC
10152,,KLATIE
10153,,KLAVUC
10154,,KLAYAT
10155,,KLAYEH
10156,,KLAYEK
10157,,KLEA
10158,,KLEAT
10159,,KLECK
10160,,KLECZC
10161,,KLECZE
10162,,KLEIX
10163,,KLEK
10164,,KLEMA
10165,,KLEMOVAC
10166,,KLENAK
10167,,KLENOVAC
10168,,KLENOVEN
10169,,KLENOVICA
10170,,KLESTAR
10171,,KLEVAN
10172,,KLEVE
10173,,KLIA
10174,,KLIBIAT
10175,,KLIMESTE
10176,,KLIMN(INC)
10177,,KLIN
10178,,KLINCA SELO
10179,,KLIS
10180,,KLISA
10181,,KLISCZY
10182,,KLISEVO
10183,,KLJO
10184,,KLJUC
10185,,KLJUS
10186,,KLOAKA
10187,,KLOBAK
10188,,KLOBIK
10189,,KLOBUK
10190,,KLOBURCK
10191,,KLODOVEVCI
10192,,KLOKOCEBAC
10193,,KLOKOTE
10194,,KLOMIE
10195,,KLONOVIC
10196,,KLORUK
10197,,KLOSOVA
10198,,KLOSTAR
10199,,KLOSTOR
10200,,KLOTENICA
10201,,KLOTUK
10202,,KLOVUC
10203,,KLUBUK
10204,,KLUTSCH
10205,,KMRIN SUISET
10206,,KNAB
10207,,KNAT
10208,,KNCAR
10209,,KNEGORICA
10210,,KNET ZGORTA
10211,,KNEWSGORICA
10212,,KNEZAK
10213,,KNEZAK (UCRAINA)
10214,,KNEZEK
10215,,KNEZGORICA
10216,,KNEZIAK
10217,,KNI
10218,,KNICA
10219,,KNICAMIN
10220,,KNICANIA
10221,,KNICANIM
10222,,KNICANIN
10223,,KNICANIR
10224,,KNICARI
10225,,KNICARIN
10226,,KNICASSIN
10227,,KNICAUNI
10228,,KNICHANIN
10229,,KNIKANIN
10230,,KNILIA
10231,,KNIN
10232,,KNIN (SPLIT)
10233,,KNISEVAC
10234,,KNISIE
10235,,KNITSCHANIN
10236,,KNJAJA
10237,,KNJAZEDAC
10238,,KNOLYN
10239,,KNOPLJA
10240,,KNOPOLJA
10241,,KNTJEVO
10242,,KNYA
10243,,KO.
10244,,KOARTE
10245,,KOBA
10246,,KOBACICE
10247,,KOBAJT
10248,,KOBARID
10249,,KOBAS
10250,,KOBAYAT
10251,,KOBBEIH
10252,,KOBEIK
10253,,KOBENO
10254,,KOBENOVAC
10255,,KOBIFENCICE
10256,,KOBILIC
10257,,KOBLAK
10258,,KOBRICA
10259,,KOBRYN
10260,,KOBURYT
10261,,KOBYLANUI
10262,,KOCANICA
10263,,KOCAVJE
10264,,KOCEJVA
10265,,KOCERIN
10266,,KOCEVIE
10267,,KOCEVIJI
10268,,KOCEVJE
10269,,KOCH
10270,,KOCHANOVOS
10271,,KOCIER
10272,,KOCIKA
10273,,KOCIN
10274,,KOCJAN
10275,,KODINAC
10276,,KODRE
10277,,KOELLAU
10278,,KOEMIGSBRG
10279,,KOFER
10280,,KOFOUN
10281,,KOFRA
10282,,KOFRAYU
10283,,KOG
10284,,KOHAHI
10285,,KOHLENICA
10286,,KOIDINOFF
10287,,KOINEK
10288,,KOJLASORO
10289,,KOJNSKO
10290,,KOJSHO
10291,,KOJSKO
10292,,KOJZKO
10293,,KOKARIE
10294,,KOKERITI
10295,,KOKOCAK
10296,,KOKORICA
10297,,KOKOVICA
10298,,KOKOWA
10299,,KOKRICA
10300,,KOKRIN
10301,,KOLA
10302,,KOLABIN
10303,,KOLAIAIA
10304,,KOLAIAN
10305,,KOLARE
10306,,KOLARI
10307,,KOLARY
10308,,KOLASKO
10309,,KOLENAE
10310,,KOLICWO
10311,,KOLID
10312,,KOLIN
10313,,KOLIS
10314,,KOLOCEP
10315,,KOLON
10316,,KOLONOVAC
10317,,KOLSEJ
10318,,KOLTELYA
10319,,KOLUC
10320,,KOLUD
10321,,KOLUDARJE
10322,,KOLUDINCI
10323,,KOLUT
10324,,KOLUTZ
10325,,KOLZ
10326,,KOMA
10327,,KOMACK
10328,,KOMAIN
10329,,KOMAJA
10330,,KOMANI
10331,,KOMANICA
10332,,KOMARIC
10333,,KOMARNAVAS
10334,,KOMAROVCE
10335,,KOMASI
10336,,KOMATE
10337,,KOMATICH
10338,,KOMATIEH
10339,,KOMAYEL
10340,,KOMCANICA
10341,,KOMEN
10342,,KOMEN/SLOVENIA
10343,,KOMENDA
10344,,KOMESARAC
10345,,KOMETSIK
10346,,KOMIAN
10347,,KOMIC
10348,,KOMICA
10349,,KOMIK
10350,,KOMIN
10351,,KOMINNE
10352,,KOMINZAN
10353,,KOMISA
10354,,KOMIZA
10355,,KOMIZAN
10356,,KOMJARIC VRH
10357,,KOMJATY
10358,,KOMMIKA
10359,,KOMNIK
10360,,KOMNJAKOBRDO
10361,,KOMOVCI
10362,,KOMPELJE
10363,,KOMPOLJE
10364,,KOMPONJO
10365,,KOMZA
10366,,KONA
10367,,KONA SOUR
10368,,KONAK
10369,,KONCANIA
10370,,KONCANICA
10371,,KONCANICE
10372,,KONCANICO
10373,,KONCANIKA
10374,,KONCANISA
10375,,KONCI
10376,,KONCIANICA
10377,,KONCIANIKA
10378,,KONCIONICA
10379,,KONCSCOBREDO
10380,,KONDRECE
10381,,KONENDA (ESLOVENIA)
10382,,KONEONICA
10383,,KONETINAC
10384,,KONFEIRAK
10385,,KONGORA
10386,,KONI
10387,,KONIA
10388,,KONIAH
10389,,KONIAK
10390,,KONIAN
10391,,KONIC
10392,,KONICA
10393,,KONID
10394,,KONIE(INC)
10395,,KONIGSBERG
10396,,KONIJKOBIDO
10397,,KONIN
10398,,KONIS
10399,,KONISKO
10400,,KONITZA
10401,,KONIZA
10402,,KONJAKOBRDO
10403,,KONJARIC
10404,,KONJARIC VRH
10405,,KONJARIN
10406,,KONJIC
10407,,KONJICA
10408,,KONJICE
10409,,KONJIE
10410,,KONJIZA
10411,,KONJSKO
10412,,KONJSKOBRDO
10413,,KONJSKOBSDA
10414,,KONJSKOM
10415,,KONKANICA
10416,,KONKEVRATE
10417,,KONLANIKA
10418,,KONOCZO
10419,,KONOGOVUNA
10420,,KONOS
10421,,KONOZA
10422,,KONRABIEH
10423,,KONRATIEH
10424,,KONSKIE
10425,,KONSKO
10426,,KONSKOBRDO
10427,,KONSTAJEVAC
10428,,KONSTANICA
10429,,KONSTANJ
10430,,KONSTANTINOPEL
10431,,KONSTANTINOPLA
10432,,KONSTANTINOPOL
10433,,KONSTANTIOP
10434,,KONTA
10435,,KONYKOBODO
10436,,KONZA
10437,,KOP (ESLOVENIA)
10438,,KOPEZYNA
10439,,KOPOPLJA
10440,,KOPOVAC
10441,,KOPPEULA
10442,,KOPRIDVNICA
10443,,KOPRINICA
10444,,KOPRIONICA
10445,,KOPRIONIVA
10446,,KOPRIVNICA
10447,,KOPRIVNICKI
10448,,KOPRNONICA
10449,,KOR KENA
10450,,KORACICA
10451,,KORAG
10452,,KORAMA
10453,,KORANSKIBREG
10454,,KORANSKO
10455,,KORANSKO SOLO
10456,,KORATEL NOVI
10457,,KORB ALI
10458,,KORBET EL MAZE
10459,,KORBOVO
10460,,KORCELA
10461,,KORCULA
10462,,KORCULA VELA LUKA
10463,,KORCULO
10464,,KORCUTA
10465,,KOREC
10466,,KOREMBA
10467,,KORENCA
10468,,KORENCANY
10469,,KORENIC BRDO
10470,,KORENITKA
10471,,KORENKA
10472,,KORENKANI
10473,,KORENLA
10474,,KORESTUX
10475,,KORETNIKI
10476,,KORIA
10477,,KORINAC
10478,,KORITA
10479,,KORITZA
10480,,KORKOW
10481,,KORKULA
10482,,KORLATI
10483,,KORLEJA
10484,,KORLOVAC
10485,,KORLOVIC
10486,,KORMEND
10487,,KORN (ILEG)
10488,,KORNAYEL
10489,,KORNEL
10490,,KORNET
10491,,KORNET EL HAMRA
10492,,KORNET SHEHWAN
10493,,KORNETT
10494,,KORNY
10495,,KOROG
10496,,KORONICA
10497,,KOROSKA
10498,,KOROSKA BELA
10499,,KOROULA
10500,,KOROVCI
10501,,KORSCHO
10502,,KORSULA
10503,,KORTEG
10504,,KORTELY
10505,,KORTIC
10506,,KORUEL
10507,,KORWSKAVAS
10508,,KORYSKOBDRO
10509,,KORZSI
10510,,KORZULA
10511,,KOSANA
10512,,KOSARCSE
10513,,KOSAROVCI
10514,,KOSAVI LUG.
10515,,KOSAVIN
10516,,KOSBA
10517,,KOSBA EL KOURA
10518,,KOSBA KOURA
10519,,KOSCINA
10520,,KOSEL
10521,,KOSER HOMS
10522,,KOSEVJE
10523,,KOSEZE
10524,,KOSGE
10525,,KOSI
10526,,KOSICA
10527,,KOSICE
10528,,KOSIN
10529,,KOSINA
10530,,KOSINAC
10531,,KOSING
10532,,KOSINJ
10533,,KOSINJSKO
10534,,KOSITEL
10535,,KOSKA
10536,,KOSLAJEVAC
10537,,KOSNA
10538,,KOSODI LUG.
10539,,KOSOPWSKA
10540,,KOSOVI
10541,,KOSOVI LUG
10542,,KOSOVIHUG
10543,,KOSOVILUG
10544,,KOSOVIN
10545,,KOSOVIYC
10546,,KOSOVYC
10547,,KOSOW
10548,,KOSOW P
10549,,KOSRA
10550,,KOSSABUDE
10551,,KOSSAIBE
10552,,KOSSAROUNTA
10553,,KOSSAY
10554,,KOSSEL
10555,,KOSSON
10556,,KOSSY
10557,,KOST(INC.)
10558,,KOSTAJNICA
10559,,KOSTAJNIKA
10560,,KOSTANEV/SLOV
10561,,KOSTANI
10562,,KOSTANICA
10563,,KOSTANIEVICA
10564,,KOSTANJ
10565,,KOSTANJE
10566,,KOSTANJER.
10567,,KOSTANJEVAC
10568,,KOSTANJEVICA
10569,,KOSTANJIDE
10570,,KOSTANKA
10571,,KOSTANOVCI
10572,,KOSTANVINECA
10573,,KOSTANYC
10574,,KOSTAR
10575,,KOSTARICA
10576,,KOSTATICA
10577,,KOSTAYENICE
10578,,KOSTEL
10579,,KOSTELFA
10580,,KOSTELJ
10581,,KOSTER
10582,,KOSTINJE
10583,,KOSTOLAK
10584,,KOSTOR
10585,,KOSTORYENICZ
10586,,KOSTOVAC
10587,,KOSTRO
10588,,KOSURIN
10589,,KOSUTE
10590,,KOT
10591,,KOTAJ
10592,,KOTANIBA
10593,,KOTARIBA
10594,,KOTCHAMI
10595,,KOTECI
10596,,KOTER
10597,,KOTEZA
10598,,KOTEZI
10599,,KOTISINA
10600,,KOTLENICA
10601,,KOTOMYA
10602,,KOTONBA
10603,,KOTOR
10604,,KOTORIBA
10605,,KOTORIDA
10606,,KOTORIHA
10607,,KOTORINA
10608,,KOTORISA
10609,,KOTORIVA
10610,,KOTORVAROS
10611,,KOTORYBA
10612,,KOTOV
10613,,KOTOVACH
10614,,KOTOX
10615,,KOTTOR
10616,,KOTUFI
10617,,KOTURIC
10618,,KOUBBAIA
10619,,KOUBBAYA
10620,,KOUIA
10621,,KOUJELO
10622,,KOUJSKE
10623,,KOUJSKOBRDO
10624,,KOUKABA
10625,,KOUKH
10626,,KOUMERUS
10627,,KOUPKO
10628,,KOUR
10629,,KOURA
10630,,KOURNET
10631,,KOUS
10632,,KOUSBA
10633,,KOUSSAIER
10634,,KOUSSEIR
10635,,KOUSSIER
10636,,KOUZA
10637,,KOVAC
10638,,KOVACEVAC
10639,,KOVACEVICH
10640,,KOVACICA
10641,,KOVACICCA
10642,,KOVACICE
10643,,KOVACIKA
10644,,KOVACISA
10645,,KOVACOVA
10646,,KOVACOVCE
10647,,KOVACOVCI
10648,,KOVAKOVCI
10649,,KOVARISCE
10650,,KOVASELO
10651,,KOVATCHITZA
10652,,KOVATCITZA
10653,,KOVATCITZE
10654,,KOVBARA
10655,,KOVCE
10656,,KOVENOVO
10657,,KOVER
10658,,KOVI
10659,,KOVIAK
10660,,KOVILJ
10661,,KOVIN
10662,,KOVISAD
10663,,KOVNE
10664,,KOVOR
10665,,KOVOR ESLOVENIA
10666,,KOVOV
10667,,KOWNO
10668,,KOWOWO
10669,,KOZARAC
10670,,KOZARAS
10671,,KOZAREVAC
10672,,KOZARICE
10673,,KOZARISCE
10674,,KOZARJE
10675,,KOZAVUKOV/BACKA
10676,,KOZIAK
10677,,KOZIANY
10678,,KOZICA
10679,,KOZICE
10680,,KOZICIE
10681,,KOZIKA
10682,,KOZIN
10683,,KOZJIVRN
10684,,KOZKA
10685,,KOZLJEVEC
10686,,KOZUCA
10687,,KRACI
10688,,KRACIC
10689,,KRACJI
10690,,KRACOVAC
10691,,KRACOVIA
10692,,KRACVENIKA
10693,,KRAD IBRAHIM
10694,,KRAFS
10695,,KRAFT
10696,,KRAFTA
10697,,KRAGNAVAS
10698,,KRAGOUGEVAS
10699,,KRAGUERZO
10700,,KRAGUJEVAC
10701,,KRAGUJEWAE
10702,,KRAGUJEWETZ
10703,,KRAGUYOVAC
10704,,KRAIBE
10705,,KRAIBEH
10706,,KRAIBET
10707,,KRAIETE
10708,,KRAIJEVICEVO
10709,,KRAIJSKA
10710,,KRAIKE
10711,,KRAIN
10712,,KRAIN LJUBLJANA
10713,,KRAINA
10714,,KRAINBURG
10715,,KRAISE
10716,,KRAISIZA
10717,,KRAISKA
10718,,KRAJ.
10719,,KRAJCE
10720,,KRAJINSNYK
10721,,KRAJLEVICA
10722,,KRAKO
10723,,KRAKOVIA
10724,,KRAKOVO
10725,,KRALEVO
10726,,KRALGEVICEVO
10727,,KRALIEVIN
10728,,KRALIEVKA
10729,,KRALIPIKA
10730,,KRALJENA
10731,,KRALJENKA
10732,,KRALJEVIC
10733,,KRALJEVICA
10734,,KRALJEVICZE
10735,,KRALJEVIKA
10736,,KRALJEVKA
10737,,KRALJEVO
10738,,KRALJIN
10739,,KRALYEV
10740,,KRAMANOUCI
10741,,KRAMAROVCI
10742,,KRAMAROVICI
10743,,KRAMMOL
10744,,KRAMOROVICI
10745,,KRANCIC
10746,,KRANI
10747,,KRANICKO
10748,,KRANJ
10749,,KRANJ (ESLOVENIA)
10750,,KRANJE
10751,,KRANJE (ESLOVENIA)
10752,,KRANJSKA
10753,,KRANSICA
10754,,KRANSKA GORA
10755,,KRANY
10756,,KRAP
10757,,KRAPANJ
10758,,KRAPINA
10759,,KRAPINICA
10760,,KRAPIYA
10761,,KRAPJA
10762,,KRAPJE
10763,,KRAPJO
10764,,KRAPONY
10765,,KRARWA
10766,,KRASCE
10767,,KRASCI
10768,,KRASCVO
10769,,KRASERO
10770,,KRASIA
10771,,KRASIC
10772,,KRASICA
10773,,KRASICA  CROAZIA
10774,,KRASIEC
10775,,KRASIK
10776,,KRASIVICA
10777,,KRASNJE
10778,,KRASNJO VRH
10779,,KRASNO
10780,,KRASNOV
10781,,KRAST
10782,,KRASTNIK
10783,,KRASUG
10784,,KRATATICE
10785,,KRATCHEVGAJ
10786,,KRATUR
10787,,KRAUP
10788,,KRAUSEVNE
10789,,KRAVATSKA
10790,,KRAVEJAK
10791,,KRAVIC
10792,,KRAVICE
10793,,KRC
10794,,KRCA
10795,,KRCANA
10796,,KRCEDIN
10797,,KRCEDIUM
10798,,KRCELIN
10799,,KRCEVO
10800,,KRDAVIK
10801,,KRDEVIK
10802,,KRDJOR
10803,,KRE
10804,,KREC
10805,,KRED
10806,,KREFEISUR
10807,,KREGNAC
10808,,KREIBE
10809,,KREIBE MAIKAL
10810,,KREIN DINIE
10811,,KREINE
10812,,KREISE
10813,,KREKA
10814,,KRELEC
10815,,KRELJIN
10816,,KRELLE
10817,,KREMENA
10818,,KRENJAJA
10819,,KREOVIA
10820,,KRESCVO
10821,,KRESEVO
10822,,KRESINCI
10823,,KRESNICE
10824,,KRESNICEL
10825,,KRESOVA
10826,,KRESTELOVAC
10827,,KRESTILOVAC
10828,,KREZENION
10829,,KREZNVZI
10830,,KRGUG
10831,,KRICALIAN
10832,,KRICEVCI
10833,,KRICHEN
10834,,KRICINA
10835,,KRICKAMA
10836,,KRICKE
10837,,KRICVENICA
10838,,KRICVENIKA
10839,,KRIGINA
10840,,KRIKATICE
10841,,KRIKAVORA
10842,,KRIKVENICA
10843,,KRIKVENICAK
10844,,KRIKVONICA
10845,,KRILO
10846,,KRINCHARA
10847,,KRINDIJA
10848,,KRING
10849,,KRINGA
10850,,KRINKSIA
10851,,KRINSIA
10852,,KRISCEVISKAS
10853,,KRISCVO
10854,,KRISENEI
10855,,KRISEVCI
10856,,KRISEVO
10857,,KRISKO
10858,,KRISOVEC
10859,,KRISOVEI
10860,,KRITA
10861,,KRITATICE
10862,,KRITZ
10863,,KRIVAC
10864,,KRIVAJ
10865,,KRIVENI
10866,,KRIVENIC
10867,,KRIVENICA
10868,,KRIVODOL
10869,,KRIVOJA
10870,,KRIVOSIJE
10871,,KRIWE
10872,,KRIZ
10873,,KRIZ KOMENDA
10874,,KRIZENEC
10875,,KRIZEVCI
10876,,KRIZEVEI
10877,,KRIZEVOI
10878,,KRIZEWECZE
10879,,KRIZEWSKA
10880,,KRIZISCE
10881,,KRK
10882,,KRK.
10883,,KRKO
10884,,KRLE
10885,,KRMAROVSI
10886,,KRMESKLE
10887,,KRNAJIE
10888,,KRNDIJA
10889,,KRNIOJA
10890,,KRNJA JEL
10891,,KRNJAJA
10892,,KRNJAK
10893,,KRNOMELJ
10894,,KRNSTR
10895,,KRO
10896,,KROAT
10897,,KROATI.
10898,,KROATIA
10899,,KROATIAN
10900,,KROATIEN
10901,,KROATIN
10902,,KROBAK
10903,,KROCE
10904,,KROEDIN
10905,,KROFESO
10906,,KROG
10907,,KROJSALAC
10908,,KROKVENICA
10909,,KRONCHEVO
10910,,KRONOVO
10911,,KRONSTADT
10912,,KROPA
10913,,KROPA ESLOVENIA
10914,,KROPKEVNICE
10915,,KROSNIEWICA
10916,,KROSTATICA
10917,,KROSTATICE
10918,,KROSTOUT
10919,,KROSTOVICA
10920,,KROTIEN
10921,,KROTOPOLA
10922,,KROTUS
10923,,KROUSSER
10924,,KROVAC
10925,,KROVACIDCA
10926,,KROVCI
10927,,KROVINICKA
10928,,KROWKZE
10929,,KRS
10930,,KRSKA VAS
10931,,KRSKAVAS
10932,,KRSKO
10933,,KRSKO (ESLOVENIA)
10934,,KRSKO BUZKA (ESLOVENIA)
10935,,KRSTAICE
10936,,KRSTALICE
10937,,KRSTATICA
10938,,KRSTATICE
10939,,KRSTATICZ
10940,,KRSTAW
10941,,KRSTIN
10942,,KRSTTATICE
10943,,KRSTUR
10944,,KRTATICE
10945,,KRTINA
10946,,KRTOLI
10947,,KRTOLJ
10948,,KRTOSKI
10949,,KRTSCHETIN
10950,,KRUCAVO
10951,,KRUCEVJE
10952,,KRUCHEJI
10953,,KRUCHEWLIE
10954,,KRUCJEBJE
10955,,KRUDIJA
10956,,KRUIOVICE
10957,,KRUJAJA
10958,,KRUJAK
10959,,KRUJOJA
10960,,KRUNCICH
10961,,KRUNICE
10962,,KRUOEVO
10963,,KRUPA
10964,,KRUPAC
10965,,KRUPACA
10966,,KRUPLIKNIK
10967,,KRUPLIONIK
10968,,KRUPLIVNIK
10969,,KRUPLIVNILZ
10970,,KRURBET
10971,,KRUSAFOJE
10972,,KRUSCICA
10973,,KRUSCIKA
10974,,KRUSCOJE
10975,,KRUSCOLJE
10976,,KRUSEBLJE
10977,,KRUSELFA
10978,,KRUSELFJU
10979,,KRUSELVJE
10980,,KRUSELVJU
10981,,KRUSEOLJE
10982,,KRUSEVAC
10983,,KRUSEVICA
10984,,KRUSEVIJE
10985,,KRUSEVIJEK
10986,,KRUSEVILJE
10987,,KRUSEVJE
10988,,KRUSEVLJA
10989,,KRUSEVLJE
10990,,KRUSEVLJU
10991,,KRUSEVO
10992,,KRUSEVOLJA
10993,,KRUSEVSJU
10994,,KRUSIE
10995,,KRUSJE
10996,,KRUSKAOVACA
10997,,KRUSKOVACA
10998,,KRUSKOVO
10999,,KRUSKPVACA
11000,,KRUSLJEVO
11001,,KRUSOVAR
11002,,KRUSSCAVO
11003,,KRUSVAR
11004,,KRUSVLJE
11005,,KRUSZE
11006,,KRVAPA
11007,,KRVAVAC
11008,,KRVAVICA
11009,,KRWOGLOVICE
11010,,KRY
11011,,KRYAJA
11012,,KRZKO
11013,,KRZOVLJAM
11014,,KRZTATICA
11015,,KSARU
11016,,KSAS
11017,,KSKIDICH
11018,,KSTATSKA
11019,,KSVATSKA
11020,,KTENOVCEA
11021,,KU(INC.)
11022,,KUBA
11023,,KUBAN
11024,,KUBENK
11025,,KUBLUNJEVAC
11026,,KUBROVNIK
11027,,KUCANCI
11028,,KUCARVA
11029,,KUCAWCI
11030,,KUCE
11031,,KUCEIRCE
11032,,KUCEVICA
11033,,KUCEVICE
11034,,KUCEVICI
11035,,KUCHARA
11036,,KUCI
11037,,KUCICA
11038,,KUCICE
11039,,KUCICE DALMAZIA
11040,,KUCICO
11041,,KUCIPIC
11042,,KUCISCE
11043,,KUCISTE
11044,,KUCONCI
11045,,KUCORA
11046,,KUCRA
11047,,KUCUK
11048,,KUCURA
11049,,KUDA
11050,,KUDRICA
11051,,KUEAR
11052,,KUFRA
11053,,KUGE
11054,,KUHAIVE
11055,,KUHAYET
11056,,KUHEK LAZA
11057,,KUHER
11058,,KUHUJEVCI
11059,,KUIHOJARA
11060,,KUITAHIA
11061,,KUJAVA
11062,,KUJEGINER
11063,,KUKAGATCHE
11064,,KUKIJICA
11065,,KUKIYEVECI
11066,,KUKLICA
11067,,KUKLJICA
11068,,KUKLJICE
11069,,KUKLJICO
11070,,KUKOSEKU
11071,,KUKOV VRH.
11072,,KUKOVAC
11073,,KUKOVINA
11074,,KUKULIANOVO DALMAZIA
11075,,KUKULJANOVO
11076,,KUKUNIZAN
11077,,KUKUNJEVICE
11078,,KUKURUZ
11079,,KUKUSINA
11080,,KULA
11081,,KULA NOVINSKA
11082,,KULAC
11083,,KULAM VAKUF
11084,,KULAPICE
11085,,KULE NEI
11086,,KULEGIKA
11087,,KULEM VAKUF
11088,,KULER
11089,,KULJAK
11090,,KULJANI
11091,,KULPIM
11092,,KULPIN
11093,,KULROVCI
11094,,KULS
11095,,KULSKI
11096,,KULZ
11097,,KUMA
11098,,KUMAN.
11099,,KUMANE
11100,,KUMANS
11101,,KUMATEZ
11102,,KUMBAJI
11103,,KUMBOJA
11104,,KUMEITANA
11105,,KUMIN
11106,,KUMISINCI
11107,,KUNA
11108,,KUNAYE
11109,,KUNCICKY
11110,,KUNI
11111,,KUNIA
11112,,KUNIC
11113,,KUNISINCI
11114,,KUNNIC
11115,,KUPETAR
11116,,KUPICA
11117,,KUPIROVO
11118,,KUPLENSKO
11119,,KUPLINSKO
11120,,KUPOTINCI
11121,,KUPOVIC
11122,,KUPRAS
11123,,KUPRES
11124,,KUPSINCE
11125,,KUPSINCI
11126,,KURCULA
11127,,KURJAK
11128,,KURMANIC
11129,,KURMIN
11130,,KURNIC
11131,,KURNIZE
11132,,KURON
11133,,KUROUN
11134,,KURPEZOVA
11135,,KURSILA
11136,,KURSIMLYA
11137,,KURSOLA
11138,,KURSULA
11139,,KURTOVIC
11140,,KURTOVO
11141,,KURU
11142,,KURUM
11143,,KURUN
11144,,KURZISIE
11145,,KURZOLA
11146,,KUSA
11147,,KUSEVICA
11148,,KUSIC
11149,,KUSIEVO
11150,,KUSKO
11151,,KUSKUDAR
11152,,KUSKUNEUK
11153,,KUSONJE
11154,,KUSTENLAND
11155,,KUSTINA
11156,,KUTABIA
11157,,KUTAHIA
11158,,KUTAHYA
11159,,KUTAIHA
11160,,KUTANIA
11161,,KUTAPIA
11162,,KUTARIA
11163,,KUTAYA
11164,,KUTECE
11165,,KUTHIA
11166,,KUTI
11167,,KUTILIES
11168,,KUTINA
11169,,KUTING
11170,,KUTJEVO
11171,,KUTJEWO
11172,,KUTNIAK
11173,,KUTNJOK
11174,,KUTOVI
11175,,KUTOVO
11176,,KUTRENDORF
11177,,KUTSHIA
11178,,KUTTINA
11179,,KUTY
11180,,KUVAR
11181,,KUVEZSIL
11182,,KUYANE
11183,,KUZCDOBLANJE
11184,,KUZDOBLANGA
11185,,KUZELJ
11186,,KUZELY
11187,,KUZICSELO
11188,,KUZMA
11189,,KUZMICA
11190,,KUZMIN
11191,,KUZMINCA
11192,,KUZMIRKE
11193,,KUZMUNEC
11194,,KVA
11195,,KVAR
11196,,KVARN
11197,,KVARSE
11198,,KVARTE
11199,,KWAR
11200,,KYCUT
11201,,KYCUTT
11202,,KYJOW
11203,,KYUNI
11204,,KZARFAHOUD
11205,,KZEJENI
11206,,L. LUKA
11207,,L. NEDILJA
11208,,LA ILEJIBLE
11209,,LA NBANDA
11210,,LA PALANKA
11211,,LA(INC.)
11212,,LAAFAZANI
11213,,LABBAYA
11214,,LABIN
11215,,LABLANA
11216,,LABLE
11217,,LABOG
11218,,LABOVCE
11219,,LABRNA
11220,,LABRUSKI
11221,,LACHKA
11222,,LACINCE
11223,,LACINCI
11224,,LACJA
11225,,LADANJE
11226,,LADANJE DOLJN
11227,,LADIKIE
11228,,LADIMIRERCI
11229,,LADISICI
11230,,LADISLAO
11231,,LADISLAU
11232,,LADISLAV
11233,,LADISREI
11234,,LADJAVAC
11235,,LADJEVAC
11236,,LADOR
11237,,LADVENGALCA
11238,,LADVENJAHA
11239,,LADVENJAK
11240,,LADVENJAKA
11241,,LADVIC
11242,,LAFET
11243,,LAFITA
11244,,LAFITTA
11245,,LAGORTA
11246,,LAGOSTA
11247,,LAGREB
11248,,LAHINJA
11249,,LAHOUCE (ESLOVENIA)
11250,,LAHOVGRABEN
11251,,LAHOVICE
11252,,LAHTZ
11253,,LAHZI
11254,,LAIBACA
11255,,LAIBACH
11256,,LAIBACH ESLOVENIA
11257,,LAIBERCH
11258,,LAILAKE
11259,,LAILAKI
11260,,LAIRS
11261,,LAJIJEVCI
11262,,LAKBE
11263,,LAKCI
11264,,LAKEV
11265,,LAKTINA
11266,,LAKTIUJI
11267,,LAKUSC
11268,,LAKUSZJA
11269,,LALA
11270,,LALIC
11271,,LALIK
11272,,LALJLE
11273,,LALLIPOLOS
11274,,LAMAS
11275,,LAMBARDA
11276,,LAMBOR
11277,,LAMINAC
11278,,LAMSK
11279,,LANBJANIA
11280,,LANCAGNA
11281,,LANCOVA VAS
11282,,LANDA
11283,,LANDJEVAD
11284,,LANDSBERG
11285,,LANER
11286,,LANFIED
11287,,LANGAGNA
11288,,LANGENHOFA
11289,,LANSO
11290,,LANZAGLIA
11291,,LAOITRI
11292,,LAOUZ
11293,,LAPAC
11294,,LAPACH
11295,,LAPACHE
11296,,LAPACKE
11297,,LAPIJA
11298,,LAPOVCI
11299,,LAPURNA
11300,,LARA
11301,,LARAJA
11302,,LARBA
11303,,LARCA
11304,,LARCE
11305,,LARERO
11306,,LARIN
11307,,LARLOVAC
11308,,LARMA
11309,,LARSOI
11310,,LAS PALMAS
11311,,LASE
11312,,LASERFELD
11313,,LASHONAS
11314,,LASINJSKI
11315,,LASKAVAS
11316,,LASKI
11317,,LASKIPETOCK
11318,,LASKO
11319,,LASLAVICE
11320,,LASNJA
11321,,LASSA
11322,,LASTE
11323,,LASTOVE
11324,,LASTOVO
11325,,LASTVA
11326,,LATAKE
11327,,LATAKIE
11328,,LATAMBUL
11329,,LATANBUL
11330,,LATAQUE
11331,,LATAQUIE
11332,,LATAREVO
11333,,LATIKI
11334,,LATINA
11335,,LATINOVAS
11336,,LATRYG
11337,,LATTACHIA
11338,,LATTAFINE
11339,,LATTAGNE
11340,,LATTAGNIE
11341,,LATTAGUICH
11342,,LATTAKICH
11343,,LATTAQRUE
11344,,LATTAQUE
11345,,LATTAQUEE
11346,,LATTAQUEH
11347,,LATTAQUI
11348,,LATTAQUIE
11349,,LATTAQUIEH
11350,,LATTAQUIEHH
11351,,LATTIQUE
11352,,LATTOUF
11353,,LATVIA
11354,,LATVIJAS
11355,,LAURANA
11356,,LAUTRERACH
11357,,LAVATINA
11358,,LAVEICE
11359,,LAVI
11360,,LAVIC
11361,,LAVINAC
11362,,LAVOTROG
11363,,LAVSKO
11364,,LAVSLKO
11365,,LAWANSJA WARISCH
11366,,LAZA
11367,,LAZAC
11368,,LAZAFELD
11369,,LAZAFOELD
11370,,LAZAR
11371,,LAZAREDO
11372,,LAZARERO
11373,,LAZAREVE
11374,,LAZAREVO
11375,,LAZARFELD
11376,,LAZAROVO
11377,,LAZAS
11378,,LAZE
11379,,LAZEC
11380,,LAZEREVO
11381,,LAZINA
11382,,LAZKIE
11383,,LAZY
11384,,LCSKOVAC
11385,,LE PIREE
11386,,LEBADEN
11387,,LEBAN
11388,,LEBANON
11389,,LEBAR
11390,,LEBEK
11391,,LEBENICO
11392,,LEBONES
11393,,LECAIRE
11394,,LECHAM
11395,,LECHANI
11396,,LECHUNE
11397,,LECKVATA
11398,,LEDEMIK
11399,,LEDENICE
11400,,LEDENICO
11401,,LEDENIK
11402,,LEDINC
11403,,LEE AUEV
11404,,LEEDS
11405,,LEEKOVO CROATIA
11406,,LEFFRI
11407,,LEGANGA
11408,,LEGATOS
11409,,LEGET
11410,,LEGOVATZ
11411,,LEGRADO
11412,,LEHAFED
11413,,LEHFED
11414,,LEHOVEC
11415,,LEIBACH
11416,,LEILAKE
11417,,LEIPZIG
11418,,LEIRA REKA
11419,,LEIRIA
11420,,LEISE
11421,,LEISERING
11422,,LEIZICI
11423,,LEK
11424,,LEKKO
11425,,LEKTINJE
11426,,LEL LOUZE
11427,,LELCE
11428,,LELIC
11429,,LELICA
11430,,LEMA
11431,,LEMBACH
11432,,LEMERJE
11433,,LEMERJO
11434,,LEMILA
11435,,LEMNICA
11436,,LENCE
11437,,LENDAVA
11438,,LENDEMCE
11439,,LENDEVA
11440,,LENDOVA
11441,,LENGEDORF
11442,,LENICHTA
11443,,LENTA
11444,,LENTINI
11445,,LEOBEN
11446,,LEOKUZJC
11447,,LEON
11448,,LEONICA
11449,,LEPA(INC)
11450,,LEPACHE
11451,,LEPENICA
11452,,LEPIN
11453,,LEPOGLAVA
11454,,LERENI
11455,,LERICA
11456,,LERNES
11457,,LES KOVAS
11458,,LESANI
11459,,LESAREE
11460,,LESCE
11461,,LESCO
11462,,LESCOVATZ
11463,,LESCOVCA
11464,,LESCOVCE
11465,,LESCOWITZ
11466,,LESEN
11467,,LESENE
11468,,LESENI
11469,,LESHORAC
11470,,LESIMA
11471,,LESINA
11472,,LESKI POTO
11473,,LESKIVOC
11474,,LESKOVAC
11475,,LESKOVAC/KROATIEN
11476,,LESKOVAK
11477,,LESKOVAR
11478,,LESKOVAZ
11479,,LESKOVEC
11480,,LESKOVEC (ESLOVENIA)
11481,,LESKOVICA
11482,,LESKOVICZ
11483,,LESPOVICA
11484,,LESZISCE
11485,,LETHISHEV
11486,,LETINAC
11487,,LETNIGRAD
11488,,LEUTSCH
11489,,LEVA HEKA
11490,,LEVA RECA
11491,,LEVA REKA
11492,,LEVANI
11493,,LEVANJSKA
11494,,LEVARETTA
11495,,LEVAS
11496,,LEVELIKA
11497,,LEVINIECE
11498,,LEVINOVAC
11499,,LEVISCO
11500,,LEZAR
11501,,LEZDAN
11502,,LEZE
11503,,LEZTI
11504,,LGONIA
11505,,LGUBLJANE
11506,,LHERBET
11507,,LHUBJANI
11508,,LIAV TEREJ
11509,,LIBAJO
11510,,LIBAN
11511,,LIBAN ABDINE
11512,,LIBAN-MAZRAET
11513,,LIBANAIS
11514,,LIBANBSARMA
11515,,LIBANE
11516,,LIBANESA
11517,,LIBANO
11518,,LIBAU
11519,,LIBENIK
11520,,LIBEREC
11521,,LIBEREZ(INC)
11522,,LIBIA
11523,,LIBNEN
11524,,LIBON
11525,,LIBOSCAKI
11526,,LIBOU
11527,,LIBRIL
11528,,LIBVEIN
11529,,LIC
11530,,LICHTENBACH
11531,,LICHTENBARCE
11532,,LICHTENBARCH
11533,,LICKI NOVI
11534,,LICKIBZIK
11535,,LID
11536,,LIDEROVICE
11537,,LIDSKI
11538,,LIEBNAGOSKA
11539,,LIEMS
11540,,LIGJE
11541,,LIHAGINA
11542,,LIJBUSKI
11543,,LIJEMCI
11544,,LIJESCE
11545,,LIJTA
11546,,LIJUBLJANA
11547,,LIKA
11548,,LIKE.
11549,,LIKINDA
11550,,LIKOVO
11551,,LILBAYA
11552,,LILETIC
11553,,LIMA
11554,,LIMIANY
11555,,LIMINIO
11556,,LIMLJANI
11557,,LIMNOS
11558,,LIMOSKJI
11559,,LIMOVEC
11560,,LINA
11561,,LINARDICI
11562,,LINARIS
11563,,LINBANISTE
11564,,LINBLANA
11565,,LINBLJANA
11566,,LINDAVER
11567,,LINDENHORST
11568,,LINDER
11569,,LINHINKY
11570,,LINJANI
11571,,LINKUVA
11572,,LINZ
11573,,LIOMBATIN
11574,,LION
11575,,LIONO
11576,,LIPA
11577,,LIPC
11578,,LIPIET
11579,,LIPIK
11580,,LIPILO
11581,,LIPNEC
11582,,LIPNECS
11583,,LIPNICA
11584,,LIPNIK
11585,,LIPOACICA
11586,,LIPOLZANA
11587,,LIPON
11588,,LIPOVAC
11589,,LIPOVACO
11590,,LIPOVCI
11591,,LIPOVEC
11592,,LIPOVLJANA
11593,,LIPOVLJANI
11594,,LIPOVO
11595,,LIPOVO JUGOESLAVO
11596,,LIPSI
11597,,LIRIA
11598,,LIRIJA
11599,,LIROVSKI
11600,,LIS
11601,,LISAC
11602,,LISAI
11603,,LISAK
11604,,LISANE FIUY
11605,,LISAT
11606,,LISBOA
11607,,LISCICINE
11608,,LISE
11609,,LISICA
11610,,LISICE
11611,,LISICI
11612,,LISICO
11613,,LISIGE
11614,,LISKO
11615,,LISNA
11616,,LISNICA
11617,,LISNICIE
11618,,LISOLI
11619,,LISSA
11620,,LISSENKO
11621,,LISTO
11622,,LITAI ESLOVENIA
11623,,LITIJA
11624,,LITIJE
11625,,LITJA
11626,,LITMEG
11627,,LITNO
11628,,LITOWK
11629,,LITVINOVA
11630,,LITYA
11631,,LITZENDORF
11632,,LIUBIANA
11633,,LIUBLANA
11634,,LIUBLANJA
11635,,LIUBLIANA
11636,,LIUBLJANA
11637,,LIUBUSKI
11638,,LIUNISKE
11639,,LIUZKEN
11640,,LIVA REKA
11641,,LIVAC
11642,,LIVAS
11643,,LIVINAC
11644,,LIVISI
11645,,LIVNO
11646,,LIVNO CROACIA
11647,,LIVORNO
11648,,LIVRACA
11649,,LIWNO
11650,,LIZA
11651,,LJABOMIR
11652,,LJESKOPOLJE
11653,,LJIUBITOVICA
11654,,LJNBLJAL
11655,,LJNBLJANA
11656,,LJNEPANO
11657,,LJNERJANA
11658,,LJUBA
11659,,LJUBATICH
11660,,LJUBGANA
11661,,LJUBIANA
11662,,LJUBIE
11663,,LJUBIJANA
11664,,LJUBINJE
11665,,LJUBISKI
11666,,LJUBITOVICA
11667,,LJUBITOVICE
11668,,LJUBJANA
11669,,LJUBLANA
11670,,LJUBLBANA
11671,,LJUBLIANA
11672,,LJUBLIJANA
11673,,LJUBLIJNA
11674,,LJUBLJ.
11675,,LJUBLJAMA
11676,,LJUBLJAN
11677,,LJUBLJANA
11678,,LJUBLJANA (ESLOVENIA)
11679,,LJUBLJANA ESLOVENIA
11680,,LJUBLJANIA
11681,,LJUBNO (ESLOVENIA)
11682,,LJUBNO SLOVENIA
11683,,LJUBNU
11684,,LJUBOMIR
11685,,LJUBOTNYA
11686,,LJUBOTOVICE
11687,,LJUBRISKI
11688,,LJUBUSKI
11689,,LJULLJANA
11690,,LJURLJANA
11691,,LJURLJANO
11692,,LJUSTICA
11693,,LJUTA
11694,,LJUTI DOLAC
11695,,LJUTIDOLAC
11696,,LJUTOMER
11697,,LJUTOTINJ
11698,,LJUVHANA
11699,,LJUVITOVIKA
11700,,LLAMBOUL
11701,,LLEMENSCINA
11702,,LLUBLJANA
11703,,LMOTSKI
11704,,LOBEZA
11705,,LOBIN
11706,,LOBOR
11707,,LOBROTA
11708,,LODA
11709,,LODI
11710,,LODZ
11711,,LOETZEN
11712,,LOG
11713,,LOGADEC
11714,,LOGATEC
11715,,LOGATEC ESLOVENIA
11716,,LOGJE
11717,,LOHOVICE
11718,,LOHTZE
11719,,LOIC
11720,,LOIMA
11721,,LOITSCH
11722,,LOK
11723,,LOKA
11724,,LOKAVEC
11725,,LOKMANJE
11726,,LOKMOSELA
11727,,LOKOV
11728,,LOKVICA
11729,,LOKVICE
11730,,LOLA
11731,,LOLSE
11732,,LOM KANALSK
11733,,LOMARNAVAS
11734,,LOMBARDA
11735,,LOMERTAKA
11736,,LOMNO
11737,,LOMZA
11738,,LOMZOK
11739,,LON
11740,,LONAIZE
11741,,LONAS
11742,,LONCARBRDO
11743,,LONDAVA
11744,,LONDON
11745,,LONEDIE
11746,,LONGATICO
11747,,LONGO
11748,,LONJA
11749,,LONJGARI
11750,,LOPATA
11751,,LOPATICA
11752,,LORANI
11753,,LORAS
11754,,LORIN
11755,,LORZEVO
11756,,LOSAC
11757,,LOSAK
11758,,LOSENGRAND
11759,,LOSINA
11760,,LOSINJ
11761,,LOSISCE
11762,,LOSISCO
11763,,LOSKI PETEK
11764,,LOSKI POTOK
11765,,LOSKI-POTOCK
11766,,LOSKO
11767,,LOSKOVAZ
11768,,LOSYNI
11769,,LOUCARBRDO
11770,,LOUDIZI
11771,,LOUKTIJOS
11772,,LOURIN
11773,,LOUSAN
11774,,LOVAKI
11775,,LOVAS
11776,,LOVASS
11777,,LOVENKA
11778,,LOVIC
11779,,LOVIC PROKISKO
11780,,LOVICI
11781,,LOVINAC
11782,,LOVINAR
11783,,LOVISCE
11784,,LOVIST
11785,,LOVISTE
11786,,LOVORNA
11787,,LOVORNO
11788,,LOVRANA
11789,,LOVRIC
11790,,LOVRIEN
11791,,LOWAS
11792,,LOWICZ
11793,,LOWREN
11794,,LOYISKE
11795,,LOZ
11796,,LOZ/SLOVENIA
11797,,LOZAN
11798,,LOZICE
11799,,LOZISCA
11800,,LOZISCE
11801,,LOZISCO
11802,,LOZISEC
11803,,LOZIXCE
11804,,LOZNICA
11805,,LOZON
11806,,LOZOVAC
11807,,LRAGA
11808,,LSJUM
11809,,LTAN
11810,,LTANISIO
11811,,LUABIANA
11812,,LUBACH
11813,,LUBALNA
11814,,LUBANICE
11815,,LUBANICO
11816,,LUBANICU
11817,,LUBAR
11818,,LUBBE
11819,,LUBBLANA
11820,,LUBEJANA
11821,,LUBIANA
11822,,LUBIANO
11823,,LUBIEN
11824,,LUBIERA
11825,,LUBIJANA
11826,,LUBJANA
11827,,LUBLANA
11828,,LUBLIANA
11829,,LUBLIN
11830,,LUBLINO
11831,,LUBLJANA
11832,,LUBLJANCA
11833,,LUBLJANSJA
11834,,LUBNEM
11835,,LUBODRAG
11836,,LUBOTICA
11837,,LUBRIANA
11838,,LUBSNIKI
11839,,LUCANC
11840,,LUCANE
11841,,LUCCA
11842,,LUCE
11843,,LUCE PRI MARIBORU
11844,,LUCICA
11845,,LUCICE
11846,,LUCINA
11847,,LUCINE
11848,,LUCNE
11849,,LUCOVA
11850,,LUCOVCE
11851,,LUDBERG
11852,,LUDBESK
11853,,LUDBREG
11854,,LUDDREK
11855,,LUDENA
11856,,LUDINA
11857,,LUDINA BRVATAKA
11858,,LUG
11859,,LUGI
11860,,LUGNAC
11861,,LUGO
11862,,LUGOS
11863,,LUGOSCH
11864,,LUIKICHE
11865,,LUJANO
11866,,LUJSUJE
11867,,LUKA
11868,,LUKA SIPAN
11869,,LUKA VICA (ESLOV.)
11870,,LUKA VICA (ESLOVENIA)
11871,,LUKA/CROATIA
11872,,LUKAC
11873,,LUKANI
11874,,LUKARGEO
11875,,LUKASKALVI
11876,,LUKAT
11877,,LUKAVEC
11878,,LUKICA
11879,,LUKINIC
11880,,LUKINO
11881,,LUKMICIDRA
11882,,LUKODOL
11883,,LUKOLIC
11884,,LUKOPOLE
11885,,LUKOSAICIAI
11886,,LUKOV
11887,,LUKOVAR
11888,,LUKOVIC
11889,,LUKOVICA ESLOVENIA
11890,,LUKSZYC
11891,,LUKUNIC
11892,,LUKUNICK
11893,,LULIBETIC CROAZIA
11894,,LULIC
11895,,LULIJO
11896,,LUMBARDA
11897,,LUMBARDE
11898,,LUMBARDO
11899,,LUN
11900,,LUNET
11901,,LUPOGLAV
11902,,LUPRIJA
11903,,LUQUNIE
11904,,LURINIC
11905,,LUSAK
11906,,LUSCE
11907,,LUSCI
11908,,LUSCI PALANKA
11909,,LUSCI PALANKO
11910,,LUSIANA
11911,,LUSKI-PALANKA
11912,,LUSNIC
11913,,LUSOVCI
11914,,LUSSIGRANDE
11915,,LUSSIMPICCOLO
11916,,LUSSIN
11917,,LUSSINGRANDE
11918,,LUSTICA
11919,,LUSTIKA
11920,,LUSZKOW
11921,,LUTEMBERG
11922,,LUTIJA
11923,,LUTIVAN
11924,,LUTOK
11925,,LUTOMIR
11926,,LUTREVA
11927,,LUVNO
11928,,LUZANI
11929,,LUZAR
11930,,LUZARII
11931,,LUZCK
11932,,LUZKA
11933,,LWNO
11934,,LWOW
11935,,LYA
11936,,LYBINSKI
11937,,LYBITOVITE
11938,,LYCTOMER
11939,,LYDDE
11940,,LYNIBERG
11941,,LYPNIC
11942,,LYR
11943,,LYUBIJANA
11944,,LYUBLJANA
11945,,M HELBE
11946,,M KARUDE
11947,,M'CHEFET
11948,,M'KAABRA
11949,,M'KAIR
11950,,M'RAS
11951,,M(INC.)
11952,,M(INC.)SIE
11953,,M.
11954,,M. ARNOUX 5
11955,,M. ASTIAN
11956,,M. BUKOVAC
11957,,M. GRADAC
11958,,M. JDJOSA
11959,,M. KAIR
11960,,M. KAKLE
11961,,M. KANEZCE
11962,,M. KOUM
11963,,M. LIBANO
11964,,M. MIRKANOWCI
11965,,M. TORAK
11966,,M. TOREK
11967,,M.LIBANIA
11968,,M.LIVANO
11969,,MA(ILEG)
11970,,MAACLI
11971,,MAAKAB
11972,,MAALACAT
11973,,MAALOUBA
11974,,MAALOULAS
11975,,MAAMOURA
11976,,MAAMOURI
11977,,MAARAB
11978,,MAARACHE
11979,,MAARASCH
11980,,MAARAT
11981,,MAARAT BACHE
11982,,MAARAT EL BACHE
11983,,MAARDE
11984,,MAARDEE DE HAN
11985,,MAAROUD
11986,,MAAROUNE
11987,,MAARRY
11988,,MAASER LE CHOUFF
11989,,MAASSE
11990,,MAASSER
11991,,MAASSER BEIT EDDIN
11992,,MAATE
11993,,MAATENA
11994,,MAC DEL BALISE
11995,,MACE
11996,,MACED
11997,,MACEDONIA
11998,,MACEDONIA CAPARI
11999,,MACEDONIEN
12000,,MACHA AZAR
12001,,MACHACHK
12002,,MACHAGARA
12003,,MACHARA
12004,,MACHDA
12005,,MACHEHA
12006,,MACHERA
12007,,MACHGARA
12008,,MACHHA
12009,,MACHICNO
12010,,MACHMONCHI
12011,,MACHOVCI
12012,,MACHRAFAT
12013,,MACHTA
12014,,MACHTA HELOU
12015,,MACHTA ROUM
12016,,MACHTA-HOLOU
12017,,MACHTE
12018,,MACHTER HLOB
12019,,MACHYARA
12020,,MACKOVCE
12021,,MACKOVCI
12022,,MACKOVEC
12023,,MACON
12024,,MACRI
12025,,MADABA
12026,,MADAIS
12027,,MADEDAK
12028,,MADEK
12029,,MADIEL
12030,,MADITH
12031,,MADJARA
12032,,MADJAREVE
12033,,MADJARI SISAK
12034,,MADRAYESUAN
12035,,MADRID
12036,,MADRUS
12037,,MADRUS RIJEKA
12038,,MAERA
12039,,MAESRA
12040,,MAESSER
12041,,MAEVRA
12042,,MAGAREVO
12043,,MAGDAR
12044,,MAGELLANE
12045,,MAGERAT
12046,,MAGESIE
12047,,MAGLAJ
12048,,MAGLAY
12049,,MAGNASBIE
12050,,MAGNASIA
12051,,MAGNASIE
12052,,MAGNESIA
12053,,MAGNESIE
12054,,MAGNESIO
12055,,MAGNEZIA
12056,,MAGNEZIE
12057,,MAGNISIA
12058,,MAGRESIE
12059,,MAGURED
12060,,MAGYA C.
12061,,MAGYARESAET
12062,,MAGYBEKEREK
12063,,MAHAIATHE
12064,,MAHARDA
12065,,MAHARDE
12066,,MAHARDEH
12067,,MAHAROUNE
12068,,MAHAROVEC
12069,,MAHFOURA
12070,,MAHM(INC.)
12071,,MAI DE BAD
12072,,MAI ROULTE
12073,,MAIDENPEK
12074,,MAIFOUK
12075,,MAILHBE
12076,,MAIRCUBA
12077,,MAIRGT
12078,,MAIRRAUBAY
12079,,MAIS EL  JABAL
12080,,MAIS EL JABAL
12081,,MAIS EL YABAL
12082,,MAISERI
12083,,MAISINE
12084,,MAIZE
12085,,MAJA
12086,,MAJAR
12087,,MAJBAK
12088,,MAJDABALA
12089,,MAJDAL HAMS
12090,,MAJDALOUM BESTAN
12091,,MAJDALOUN
12092,,MAJDALOUN BESTAN
12093,,MAJDEL ARYAR
12094,,MAJDEL BALLUS
12095,,MAJDEL MEOUCH
12096,,MAJDL BELLUS
12097,,MAJDOLONIE
12098,,MAJER
12099,,MAJERIJA
12100,,MAJKIC JAPRA
12101,,MAJKIC LAPRA
12102,,MAJKICJAPRE
12103,,MAJKIEPAPRA
12104,,MAJKOVA
12105,,MAJKOVAC
12106,,MAJNISCA
12107,,MAJRAAT YACHOU
12108,,MAJSZ
12109,,MAJUR
12110,,MAK. KAYIMIAN
12111,,MAKA
12112,,MAKABE
12113,,MAKAISKA
12114,,MAKAR
12115,,MAKAR(INC.)
12116,,MAKARCHA
12117,,MAKAREKO
12118,,MAKARSA
12119,,MAKARSCA
12120,,MAKARSKA
12121,,MAKASIKA
12122,,MAKASKA
12123,,MAKAVSKA
12124,,MAKFISCERIS
12125,,MAKHYALA
12126,,MAKINA
12127,,MAKORAKA
12128,,MAKOSE
12129,,MAKOVA
12130,,MAKOVISCE
12131,,MAKOVISTE
12132,,MAKRIKIE
12133,,MAKROKI
12134,,MAKUA
12135,,MAKURAO
12136,,MAKVA
12137,,MALA
12138,,MALA BUHOVICA
12139,,MALA CRCERYA
12140,,MALA ERPENJA
12141,,MALA ESPINJA
12142,,MALA GORICE
12143,,MALA GRADUSA
12144,,MALA LALIMA
12145,,MALA PERATOV.
12146,,MALA POLONA
12147,,MALA STARE
12148,,MALA SUBOTICA
12149,,MALA SVAROA
12150,,MALA TRISTAVA
12151,,MALA VASICA
12152,,MALACHE
12153,,MALAGA
12154,,MALAHNNA
12155,,MALAKA
12156,,MALAKECH
12157,,MALAKI HARIK
12158,,MALATIA
12159,,MALATINET
12160,,MALATRA
12161,,MALATRID
12162,,MALATYNA
12163,,MALE
12164,,MALE DRAGE
12165,,MALE TOROK
12166,,MALEK
12167,,MALEKO
12168,,MALENCI
12169,,MALENKUD
12170,,MALENSKAVAS
12171,,MALETICI
12172,,MALETOVAK
12173,,MALGARA
12174,,MALGASA
12175,,MALHANNA
12176,,MALI
12177,,MALI BASTAJI
12178,,MALI BAVIA
12179,,MALI BUKOVAC
12180,,MALI BUKOVCI
12181,,MALI DIVENIK
12182,,MALI DOLENCI
12183,,MALI DOLONCI
12184,,MALI DRVENIK
12185,,MALI ERJAVAC
12186,,MALI GRABOVAC
12187,,MALI HERJAVAC
12188,,MALI HOJMA
12189,,MALI HOZINAC
12190,,MALI IDJOS
12191,,MALI IZ
12192,,MALI LUG
12193,,MALI OGRADJ.
12194,,MALI OKIC
12195,,MALI OTOK
12196,,MALI PROLOG
12197,,MALI RADIC
12198,,MALI RADINCE
12199,,MALI TORAK
12200,,MALI VERH
12201,,MALI VRH
12202,,MALI VRK.
12203,,MALI VRLI
12204,,MALI ZDENCI
12205,,MALI-GRABOVAC
12206,,MALIDOL
12207,,MALIGATE
12208,,MALIKORO
12209,,MALIKOVO
12210,,MALINNKA
12211,,MALINSKA
12212,,MALIOTOK
12213,,MALITARAK
12214,,MALITOROK
12215,,MALIVRH
12216,,MALJKUT
12217,,MALKE
12218,,MALKIET
12219,,MALKJ
12220,,MALKONCI
12221,,MALKOVCI
12222,,MALLAKA
12223,,MALLIN
12224,,MALMALIDRH
12225,,MALMEI
12226,,MALMOKA
12227,,MALNIZKA
12228,,MALO GRABGE
12229,,MALO LESCE
12230,,MALO MACEVO
12231,,MALO SELO
12232,,MALOGRABJE
12233,,MALOGRAVIJ
12234,,MALOJ-MLINSKOJ
12235,,MALOPOLJE
12236,,MALOSELO
12237,,MALOULA
12238,,MALOVIT
12239,,MALOZEDISTO
12240,,MALSKA
12241,,MALTA
12242,,MALTHANCI
12243,,MALUIEC
12244,,MALULA
12245,,MALVRICH
12246,,MALY
12247,,MALY BEREZNY
12248,,MALY VRH
12249,,MAMAT
12250,,MAMBONE
12251,,MAMINSKA
12252,,MAMOURA
12253,,MAMURA
12254,,MANACHE
12255,,MANARET BECHE
12256,,MANASTIR
12257,,MANASTIS
12258,,MANATO
12259,,MANCHE
12260,,MANCSTIRI
12261,,MANDICEVAC
12262,,MANDINE
12263,,MANDRA
12264,,MANESSA
12265,,MANESTRI
12266,,MANGE
12267,,MANGOS
12268,,MANIA
12269,,MANICH
12270,,MANICIA
12271,,MANIEROVIC
12272,,MANISA
12273,,MANISIA
12274,,MANISSA
12275,,MANIST
12276,,MANIZA
12277,,MANKOVCI
12278,,MANNA
12279,,MANNEBIA
12280,,MANOURA
12281,,MANOZA
12282,,MANSINUSIA
12283,,MANSONS
12284,,MANZLE
12285,,MAODIN
12286,,MAODINE
12287,,MAONGHE'
12288,,MAORA
12289,,MAOUCHE
12290,,MAPE POLONA
12291,,MAQUISIE
12292,,MAR. V. BOLUJ
12293,,MAR. V. POLUJ
12294,,MARA
12295,,MARAACHE
12296,,MARAACHO
12297,,MARAAN
12298,,MARAAT
12299,,MARACH
12300,,MARACH.
12301,,MARACHA
12302,,MARACHE
12303,,MARACHE TURQUIE
12304,,MARACHI
12305,,MARACHJ
12306,,MARACHN
12307,,MARACHO
12308,,MARACK
12309,,MARACKE
12310,,MARACLI
12311,,MARACU
12312,,MARADOMAN
12313,,MARAEH
12314,,MARAK
12315,,MARAKASICE
12316,,MARAKECH
12317,,MARANCHE
12318,,MARANOVIC
12319,,MARANOVICI
12320,,MARARQUES
12321,,MARARSKA JUGOESLAVIA
12322,,MARAS
12323,,MARASA
12324,,MARASCH
12325,,MARASEH
12326,,MARASELA
12327,,MARASH
12328,,MARASKE
12329,,MARATCH
12330,,MARATICE
12331,,MARBACH
12332,,MARBOURG
12333,,MARBUG
12334,,MARBURG
12335,,MARBURGO
12336,,MARCANA
12337,,MARCBORG
12338,,MARCELIE
12339,,MARCHE
12340,,MARCOVCI
12341,,MARCOVEE
12342,,MARDENI
12343,,MARDILE
12344,,MARDIM
12345,,MARDIN
12346,,MARDINC
12347,,MARDINE
12348,,MARDINI
12349,,MARDJEYOUN
12350,,MARDURE
12351,,MAREACH
12352,,MAREN
12353,,MARENBERG
12354,,MARENBERG ESLOVENIA
12355,,MARENOVIC
12356,,MARESHVACSISI
12357,,MARESTANE
12358,,MARGE
12359,,MARGECAN
12360,,MARGETAN
12361,,MARHA
12362,,MARHAYOUM
12363,,MARIA GORICA
12364,,MARIA Y POLJU
12365,,MARIAMINE
12366,,MARIAS
12367,,MARIBA
12368,,MARIBAR
12369,,MARIBER
12370,,MARIBON
12371,,MARIBOPRN
12372,,MARIBOR
12373,,MARIBOR (ESLOVENIA)
12374,,MARIBOV
12375,,MARIBUR
12376,,MARICHE
12377,,MARIECHE
12378,,MARIEM
12379,,MARIHOR
12380,,MARIJA
12381,,MARIJA GORIKA
12382,,MARIJANCI
12383,,MARIJANOI
12384,,MARIJANPOLIS
12385,,MARIJATROST
12386,,MARIJEMPOLE
12387,,MARIKBOR
12388,,MARILAR
12389,,MARILVA
12390,,MARINA
12391,,MARINBROD
12392,,MARINCI
12393,,MARINDOL
12394,,MARINKOVAC
12395,,MARINKOVCI
12396,,MARINO SELO
12397,,MARINOSELO
12398,,MARIOLAN
12399,,MARIOLANA
12400,,MARISA
12401,,MARISSA
12402,,MARJ DBAB
12403,,MARJANCI
12404,,MARJANEI
12405,,MARJO
12406,,MARKABA
12407,,MARKARSKOV
12408,,MARKESPOT
12409,,MARKIYE
12410,,MARKO
12411,,MARKOCI
12412,,MARKOF
12413,,MARKOVA
12414,,MARKOVAC
12415,,MARKOVAE
12416,,MARKOVCA
12417,,MARKOVCE
12418,,MARKOVCI
12419,,MARKOVEC
12420,,MARKOVICI
12421,,MARKOWAC
12422,,MARKUNCI
12423,,MARKUSICI
12424,,MARLINA
12425,,MARLINE
12426,,MARLOVATZ
12427,,MARMANETA
12428,,MARMANTON
12429,,MARMARA
12430,,MARMARITA
12431,,MARMERITO
12432,,MARMNITA
12433,,MARMORITA
12434,,MARMORITZ
12435,,MARNOVCI
12436,,MAROBOR R.
12437,,MAROCHE
12438,,MAROCHI
12439,,MAROF
12440,,MAROJ
12441,,MAROSEV
12442,,MAROUK
12443,,MAROUN
12444,,MAROUN RAS
12445,,MAROUS
12446,,MAROVCI
12447,,MAROVIC
12448,,MAROVICA
12449,,MARSCH
12450,,MARSCHALING
12451,,MARSCK
12452,,MARSHINE
12453,,MARSHISE
12454,,MARSICI
12455,,MARSINE
12456,,MARSOBAM
12457,,MARSOVAN
12458,,MARSSVIAN
12459,,MARTABA
12460,,MARTENZ MURI
12461,,MARTICEVCI
12462,,MARTINCI
12463,,MARTINICA
12464,,MARTINICE
12465,,MARTINICIC
12466,,MARTINIVI
12467,,MARTINOVAC
12468,,MARTINOVIC
12469,,MARTINOVICI
12470,,MARTINSKI
12471,,MARTINUSEVEC
12472,,MARTJANCI
12473,,MARTJANI
12474,,MARTONAS
12475,,MARTONES
12476,,MARTONOW
12477,,MARTONUS
12478,,MARTOUTA
12479,,MARUEL
12480,,MARUM
12481,,MARUNSCHEVIC
12482,,MARUSCHEVIC
12483,,MARUSEVAC
12484,,MARUSEVAR
12485,,MARUSIC
12486,,MARUSICE
12487,,MARUSICI
12488,,MARUSKA
12489,,MARVIC
12490,,MARVINC
12491,,MARWIC
12492,,MARY JONNE HERBEH
12493,,MARYAMMI
12494,,MARYEIM
12495,,MARZACHE
12496,,MARZE
12497,,MARZHIM
12498,,MARZIVAN
12499,,MARZONFAR
12500,,MARZUAN
12501,,MARZURNI
12502,,MASARAO
12503,,MASASA
12504,,MASAYA
12505,,MASBOURG
12506,,MASEITSA
12507,,MASEVISTE
12508,,MASICE
12509,,MASICHOCH
12510,,MASIOLANA
12511,,MASISTE
12512,,MASJASEVCI
12513,,MASKAAR
12514,,MASKAUDE
12515,,MASORAN
12516,,MASOYAF
12517,,MASRACH
12518,,MASSYAF
12519,,MASTAR
12520,,MASTAZ
12521,,MASTBE
12522,,MASTORT
12523,,MASTORY
12524,,MASTRA
12525,,MASWEHE
12526,,MASYKUNDA
12527,,MASZAD
12528,,MATBET
12529,,MATCHA
12530,,MATEIN
12531,,MATELICI
12532,,MATEN
12533,,MATENA
12534,,MATENJA VAS
12535,,MATERA
12536,,MATERLEO
12537,,MATESE
12538,,MATESKO
12539,,MATESKOSEK
12540,,MATEU
12541,,MATI
12542,,MATI BUKOVAC
12543,,MATI TOROK
12544,,MATIJASEKI
12545,,MATJASAVER
12546,,MATJASEVCI
12547,,MATJASIVCE
12548,,MATKOVIC
12549,,MATON
12550,,MATOVILCI
12551,,MATRICE
12552,,MATRIT
12553,,MATTAR
12554,,MATTEN
12555,,MATUGLIA
12556,,MATULJE
12557,,MATZO
12558,,MAUA
12559,,MAUARA
12560,,MAUCHE
12561,,MAUDDAMIS
12562,,MAUDIE SELO
12563,,MAUDRA
12564,,MAUPAD
12565,,MAURIC
12566,,MAURICH
12567,,MAUSAURIEH
12568,,MAUSAURISH
12569,,MAUSOURICH
12570,,MAUSSAURIEH
12571,,MAVACH
12572,,MAVCICE
12573,,MAVKOVIC
12574,,MAVORIIA
12575,,MAVOS
12576,,MAVRICI
12577,,MAVURONA
12578,,MAXISTE
12579,,MAYOROPUSA
12580,,MAYOUBA
12581,,MAYRAOT
12582,,MAYROUBA
12583,,MAYROUDA
12584,,MAYROUSA
12585,,MAYRUBO
12586,,MAZAN TACACKI
12587,,MAZARAT YASCH
12588,,MAZATTACHN
12589,,MAZIAN
12590,,MAZILLI
12591,,MAZINELLE
12592,,MAZINOVAC
12593,,MAZKERT
12594,,MAZRAAT
12595,,MAZRAAT ABI
12596,,MAZRAAT YACHOU
12597,,MAZRAET
12598,,MAZRAET YECHUH
12599,,MAZRAETT
12600,,MAZRAHAT JACHOUCH
12601,,MAZRAHOT
12602,,MAZRAT MEZREAT
12603,,MAZREAT
12604,,MAZREAT YECHUH
12605,,MAZREHT
12606,,MAZRETH
12607,,MAZTBEH
12608,,MAZZAAL JACHAER
12609,,MAZZAAT
12610,,MAZZARA
12611,,MAZZRAA ESH S.
12612,,MBARASH
12613,,MEALBRA
12614,,MEAMORAC
12615,,MEAZVCI
12616,,MECBTER
12617,,MECERFI
12618,,MECEVOC
12619,,MECH(INC.)
12620,,MECHED
12621,,MECHEICHTA
12622,,MECHEICHTE
12623,,MECHEJCHTE
12624,,MECHERFE
12625,,MECHESTE
12626,,MECHEYCHTE
12627,,MECHICHKA
12628,,MECHITERJA
12629,,MECHLATTELON
12630,,MECHMEN
12631,,MECHORFE
12632,,MECHTA
12633,,MECHTA  EL KOUM
12634,,MECHTA  HELON
12635,,MECHTA HELON
12636,,MECHTAHELON
12637,,MECHTAIA
12638,,MECHTAYA
12639,,MECHTAYE
12640,,MEDAB
12641,,MEDAK
12642,,MEDANA
12643,,MEDBODE
12644,,MEDELLIN
12645,,MEDHICHKA
12646,,MEDIANET
12647,,MEDIC
12648,,MEDIJMURIE
12649,,MEDIJMURJE
12650,,MEDILLSCE
12651,,MEDINCE
12652,,MEDINE
12653,,MEDIURIK
12654,,MEDIVODE
12655,,MEDIYMUYE
12656,,MEDJARIC
12657,,MEDJEDJA
12658,,MEDJMURJE
12659,,MEDJURIC
12660,,MEDJURICU
12661,,MEDJURIE
12662,,MEDJUVODJE
12663,,MEDLOG
12664,,MEDOLIN PULO
12665,,MEDONCLIA
12666,,MEDOODOLAC
12667,,MEDOOLOLAVE
12668,,MEDOVDOLAC
12669,,MEDRUS RIJEKA
12670,,MEDUGORJE
12671,,MEDUNI
12672,,MEDV. SELO
12673,,MEDVEDJA
12674,,MEDVEDJE BRDO
12675,,MEDWEDIE BRDO
12676,,MEETE
12677,,MEFOUI
12678,,MEGDEYAYA
12679,,MEGHAIRES
12680,,MEGNESIA
12681,,MEHAIDEI
12682,,MEHAN
12683,,MEHANICEY
12684,,MEHAPET
12685,,MEHARDE
12686,,MEHEILBE
12687,,MEHEMEN
12688,,MEHEREDE
12689,,MEHMARCHE
12690,,MEHTE
12691,,MEHUARBIE
12692,,MEHZE
12693,,MEIDRICH
12694,,MEIROUBA
12695,,MEIS EL GABAL
12696,,MEJANI
12697,,MEJDALANGA
12698,,MEJDEL
12699,,MEJDLAVA
12700,,MEJKUT
12701,,MEJONI
12702,,MEJOUI
12703,,MEKISTRE
12704,,MEKOVIC
12705,,MEKTOVIC
12706,,MEL
12707,,MELAIA
12708,,MELBET
12709,,MELDINA
12710,,MELECHED
12711,,MELENCE
12712,,MELENCI
12713,,MELENCZ
12714,,MELENEI
12715,,MELENTSI
12716,,MELENTZI
12717,,MELETBACH
12718,,MELETICI
12719,,MELEVO
12720,,MELIA
12721,,MELILIC
12722,,MELINC
12723,,MELINCI
12724,,MELITIC
12725,,MELITOPOL
12726,,MELKE
12727,,MELKHE
12728,,MELKONC
12729,,MELLAGE
12730,,MELLAHE
12731,,MELLIKA
12732,,MELLIKI
12733,,MELNA
12734,,MELSEN
12735,,MELTIKA
12736,,MELTIKO
12737,,MEMCAVCI
12738,,MEMEL
12739,,MEMMEK
12740,,MEMNECH
12741,,MENADICI
12742,,MENAUCE
12743,,MENDIE
12744,,MENEMED
12745,,MENEMEIN
12746,,MENEMEN
12747,,MENES
12748,,MENESSA
12749,,MENGAS
12750,,MENGES
12751,,MENIARA
12752,,MENIE
12753,,MENIEL
12754,,MENIK
12755,,MENINE
12756,,MENISKA
12757,,MENJES
12758,,MENKULST
12759,,MENOR
12760,,MENTEN TARTOUS
12761,,MENTICHE
12762,,MERACHE
12763,,MERCINE
12764,,MERCIZEC
12765,,MERCOGLIANO
12766,,MERDECHEL
12767,,MERDIEYON
12768,,MERDIN
12769,,MERDINE
12770,,MERDJEUJON
12771,,MERDJEYON
12772,,MERDJEYOUN
12773,,MERDYUM
12774,,MERECIZEC
12775,,MERENCIN
12776,,MEREZICEC
12777,,MEREZICHE
12778,,MERHAYOUM
12779,,MERINOVAC
12780,,MERIOFITE
12781,,MERJA
12782,,MERKOPAN
12783,,MERKOPIC
12784,,MERMINE
12785,,MERNA
12786,,MEROUBA
12787,,MERRANE
12788,,MERSEHINE
12789,,MERSERVISTA
12790,,MERSHINE
12791,,MERSIFOU
12792,,MERSIN
12793,,MERSINA
12794,,MERSINE
12795,,MERSINO
12796,,MERSOVICAZ
12797,,MERSOWITZ
12798,,MERSUM
12799,,MERWINSKI
12800,,MERZIFOU
12801,,MERZIFOUM
12802,,MERZIFOUN
12803,,MERZINOVAC
12804,,MESAN
12805,,MESCHEDJEW
12806,,MESCIK
12807,,MESCISTA
12808,,MESCISTE
12809,,MESCVISTE
12810,,MESE
12811,,MESEISTE
12812,,MESERVISTA
12813,,MESEVIST
12814,,MESHEIL
12815,,MESHERPIL
12816,,MESIC
12817,,MESICI
12818,,MESISTE
12819,,MESITE
12820,,MESKOS
12821,,MESLISTE
12822,,MESLUN
12823,,MESOVARY
12824,,MESTAR
12825,,MESTER
12826,,MESTI
12827,,MESUL
12828,,METBET
12829,,METBETH
12830,,METCHANE
12831,,METCOVICH
12832,,METCOVIK
12833,,METEIN
12834,,METEKEVIC
12835,,METEN
12836,,METEN ARNOUK
12837,,METEN ERNOUK
12838,,METENBOURAYA
12839,,METERICI
12840,,METERN
12841,,METEU ARNOUX
12842,,METHOIC
12843,,METHOVIC
12844,,METIKA
12845,,METKO
12846,,METKOVIC
12847,,METKOVIC JUGOESLAVIA
12848,,METLECA
12849,,METLEINE
12850,,METLEKA
12851,,METLIKA
12852,,METLIKO
12853,,METNOVIC
12854,,METORIZI
12855,,METRASS
12856,,METRETE
12857,,METRIT
12858,,METRITE
12859,,METROVIC
12860,,METROVIO
12861,,METTEN
12862,,MEUCHE
12863,,MEVID BRAFE
12864,,MEXICO
12865,,MEXIQUE
12866,,MEYFOUK
12867,,MEYORIN
12868,,MEYOUBA
12869,,MEYROUBA
12870,,MEZGOVCI
12871,,MEZINOVAC
12872,,MEZINOVAN
12873,,MEZREAT
12874,,MHAILBE
12875,,MHAIRA
12876,,MHAIRI ROUM
12877,,MHIBLE
12878,,MHIN.
12879,,MHINE
12880,,MIAL EDJOIR
12881,,MIAR CHAKER
12882,,MIASSI
12883,,MICAIRIAI
12884,,MICALITY
12885,,MICDOLNJ
12886,,MICHAEL
12887,,MICHAILHUF
12888,,MICHAITOWSKA
12889,,MICHANOCK
12890,,MICHELJANCE
12891,,MICHENICH
12892,,MICHIRPI
12893,,MICHMICK
12894,,MICHTAY
12895,,MICTOVAE
12896,,MICUSNIS
12897,,MIDAN
12898,,MIDANE
12899,,MIDIA
12900,,MIEDZIN
12901,,MIERZUPAN
12902,,MIES
12903,,MIGOLE
12904,,MIGUEL
12905,,MIHACA
12906,,MIHACE
12907,,MIHAHAR
12908,,MIHAIC
12909,,MIHAIRA
12910,,MIHAIRE
12911,,MIHAJLOVO
12912,,MIHAJLOVSKA
12913,,MIHALIC
12914,,MIHALIC SELO
12915,,MIHALITCH
12916,,MIHALJEVAC
12917,,MIHALJEVCI
12918,,MIHANIC
12919,,MIHANICI
12920,,MIHAZA
12921,,MIHELAVAS
12922,,MIHELIC
12923,,MIHELSKA
12924,,MIHOLJAC
12925,,MIHOVEC
12926,,MIHOVLIAN
12927,,MIHOVLJANI
12928,,MIJACA
12929,,MIJACE
12930,,MIJACICA
12931,,MIJAT
12932,,MIJECE
12933,,MIJOCE
12934,,MIKAIR
12935,,MIKALEC
12936,,MIKANOVCI
12937,,MIKASSIA
12938,,MIKEIL
12939,,MIKHMAS
12940,,MIKLAVZ
12941,,MIKLENS
12942,,MIKLEUS
12943,,MIKLINOVA
12944,,MIKLUSEVCI
12945,,MIKOLAY
12946,,MIKOPALJ
12947,,MIKOPOLJE
12948,,MIKOVLJANI
12949,,MIKOVYKA
12950,,MIKOVYLA
12951,,MIKRASIA
12952,,MIKULOO
12953,,MIKUTAICIAI
12954,,MILA
12955,,MILAGE
12956,,MILALIC
12957,,MILAN
12958,,MILANOVIC
12959,,MILARROVAC
12960,,MILAS
12961,,MILEA
12962,,MILEDA
12963,,MILELIC
12964,,MILELIE
12965,,MILESINA
12966,,MILETC
12967,,MILETEC
12968,,MILETI
12969,,MILETIC
12970,,MILETICA
12971,,MILETIE
12972,,MILETIES
12973,,MILETISI
12974,,MILETO
12975,,MILHA
12976,,MILICI
12977,,MILICO
12978,,MILIELE
12979,,MILINA
12980,,MILITIC
12981,,MILITIE
12982,,MILITIEH
12983,,MILJEVCI
12984,,MILJEVIC
12985,,MILJEVICI
12986,,MILJEVIK
12987,,MILKOPOLI
12988,,MILLO VINAVAC
12989,,MILLO VINOVAC
12990,,MILLOVINOVAC
12991,,MILMA
12992,,MILNA
12993,,MILNA DALMACIA
12994,,MILNA DALMAZIA
12995,,MILNA SP
12996,,MILNA SP.
12997,,MILNO
12998,,MILOCEVO
12999,,MILOHNICI
13000,,MILOHNISI
13001,,MILOLJAC
13002,,MILOS
13003,,MILOSEVATZ
13004,,MILOSOVO
13005,,MILOTICE
13006,,MILOVICEI
13007,,MILOVICI
13008,,MILOVO
13009,,MILZELJAC
13010,,MIMES
13011,,MINA
13012,,MINARDIC
13013,,MINAS
13014,,MINCICEVI
13015,,MINCICEVO
13016,,MINCINATI
13017,,MINEI
13018,,MINES
13019,,MINHINKY
13020,,MINIARA
13021,,MINIC
13022,,MINICNATI
13023,,MINIE
13024,,MINIEVO
13025,,MININ
13026,,MINRIA
13027,,MINSKA
13028,,MINTARJEVO
13029,,MIRABOR
13030,,MIRCA
13031,,MIRCE
13032,,MIRCH
13033,,MIREUR
13034,,MIRIOPITO
13035,,MIRITOVICI
13036,,MIRKAPOLJ
13037,,MIRKO-POLE
13038,,MIRKOPOLS
13039,,MIRKOVIK
13040,,MIRLIDOL
13041,,MIRLOVIC
13042,,MIRMA PEC
13043,,MIRNA
13044,,MIRNA PEC
13045,,MIRNA PEZ
13046,,MIRSKI  ERNCI
13047,,MIRZOVIC
13048,,MIS
13049,,MISACEC ESLOVENIA
13050,,MISCHENDORF
13051,,MISIAI
13052,,MISIJEN
13053,,MISK
13054,,MISLECHAN
13055,,MISNI
13056,,MISTO
13057,,MISTOV
13058,,MISTROVIKA
13059,,MISUK
13060,,MITELIC
13061,,MITKONIC
13062,,MITLO VINIV.E
13063,,MITLO VINOV.
13064,,MITLO WINOVAC
13065,,MITLO- VINOVAC
13066,,MITLO-VINOVAC
13067,,MITLOVINOVA
13068,,MITLOVINOVAC
13069,,MITLOVINOWA
13070,,MITNOVICA
13071,,MITRA
13072,,MITRASSE
13073,,MITRITE
13074,,MITRIVICH
13075,,MITRIVIHCH
13076,,MITROTVITICA
13077,,MITROTZAS
13078,,MITROVAC
13079,,MITROVCA
13080,,MITROVICA
13081,,MITROVICA (SZEREM)
13082,,MITROVICA SZEREM
13083,,MITROVITZA
13084,,MITROVIZ
13085,,MITROVTZY
13086,,MITTO
13087,,MITTON
13088,,MIUIZFITON
13089,,MIVAR
13090,,MKAEL
13091,,MKARSKA
13092,,MKILK
13093,,MLAKA
13094,,MLAKVA
13095,,MLAKVE
13096,,MLAURA
13097,,MLEKH
13098,,MLIK
13099,,MLIKH
13100,,MLINOGA
13101,,MLINSKA
13102,,MLINZKA
13103,,MLITELI
13104,,MLOUK
13105,,MNIME
13106,,MNINE
13107,,MNITLOVINOVAC
13108,,MO9STAR
13109,,MOAC
13110,,MOALOULA
13111,,MOAMELTEIN
13112,,MOANST
13113,,MOASAL
13114,,MOC
13115,,MOCAVICA
13116,,MOCHERCHTE
13117,,MOCICI
13118,,MOCKABRA
13119,,MODAS
13120,,MODNITZ
13121,,MODOODOLAC
13122,,MODOS
13123,,MODOS(INC)
13124,,MODOSCH
13125,,MODOSZ
13126,,MODRICA
13127,,MODROS
13128,,MODRUN
13129,,MODRUS
13130,,MOECCI
13131,,MOERS
13132,,MOGHILEL
13133,,MOHADAMIA
13134,,MOHAFEZ HOMS
13135,,MOHAMIO
13136,,MOHARDI
13137,,MOHATSCHEK
13138,,MOHER
13139,,MOHOL
13140,,MOHRAB
13141,,MOJE
13142,,MOKAABRA
13143,,MOKAABRE
13144,,MOKABRA
13145,,MOKABRIE
13146,,MOKAEBRIE
13147,,MOKAIBLI AKAR
13148,,MOKAREK TALITANI
13149,,MOKARMIDE
13150,,MOKEORIE
13151,,MOKHEIRBAR
13152,,MOKIAEBRIE
13153,,MOKO
13154,,MOKORSKE
13155,,MOKOSHIZA
13156,,MOKOSICH
13157,,MOKRIM
13158,,MOKRIN
13159,,MOKRINE
13160,,MOKRONOG
13161,,MOKZONOH
13162,,MOL
13163,,MOLA
13164,,MOLAC
13165,,MOLAT
13166,,MOLATIA
13167,,MOLENE
13168,,MOLETIC
13169,,MOLEV
13170,,MOLGARA
13171,,MOLIDORF
13172,,MOLIN
13173,,MOMIANO POLA
13174,,MONADDAMIS
13175,,MONANA
13176,,MONAST
13177,,MONASTA
13178,,MONASTER
13179,,MONASTERE
13180,,MONASTIC
13181,,MONASTIR
13182,,MONASTOR
13183,,MONASTR
13184,,MONASTRI
13185,,MONASTYR
13186,,MONCORONA
13187,,MONOSTOR
13188,,MONROVIZ
13189,,MONS
13190,,MONT LIBAN
13191,,MONTCHELEBANO
13192,,MONTE LEBANIA
13193,,MONTE LEBEA
13194,,MONTE LIBAN
13195,,MONTE LIBANO
13196,,MONTE LIVANO
13197,,MONTE LIVER
13198,,MONTE PESCA
13199,,MONTEBEGRO
13200,,MONTECH
13201,,MONTELIBANO
13202,,MONTELIVANO
13203,,MONTELOBANOS
13204,,MONTENEGRO
13205,,MONTENEGRO DANILOWGRED
13206,,MONTENEGRO NIKSIC
13207,,MONTENERO
13208,,MONTENO
13209,,MONTESPINO
13210,,MONTEVIDEO
13211,,MONTI
13212,,MONTONA
13213,,MOOLICE
13214,,MOOSTAR
13215,,MOPUNDANIA
13216,,MORABIA
13217,,MORACACH
13218,,MORACH
13219,,MORACHE
13220,,MORACHNO
13221,,MORADICK
13222,,MORAKA
13223,,MORAS
13224,,MORAUCE
13225,,MORAUCE ESLOVENIA
13226,,MORAVA
13227,,MORAVAC
13228,,MORAVACH
13229,,MORAVCE
13230,,MORAVCI
13231,,MORAVEC
13232,,MORAVECH
13233,,MORAVEE
13234,,MORAVEI
13235,,MORAVIA
13236,,MORAVICA
13237,,MORAVICE
13238,,MORAVIE
13239,,MORBISCH
13240,,MORE POLE
13241,,MORENOCHE
13242,,MORGAN GAZI
13243,,MORGNISSIA
13244,,MORGOT
13245,,MORIJA BISTRIC
13246,,MORIVITZ
13247,,MORKAB
13248,,MOROWCE
13249,,MORTA
13250,,MORTER
13251,,MOS. BROD
13252,,MOSATR
13253,,MOSBEK
13254,,MOSCA
13255,,MOSCANCI
13256,,MOSCEVICA
